Date,SVXY
2011-10-04,10.186874866485596
2011-10-05,11.125624895095825
2011-10-06,11.430625200271606
2011-10-07,11.61562466621399
2011-10-10,12.006249904632568
2011-10-11,12.212500095367432
2011-10-12,13.021874904632568
2011-10-13,12.96749997138977
2011-10-14,13.808124780654907
2011-10-17,13.065624952316284
2011-10-18,12.587500095367432
2011-10-19,12.419999837875366
2011-10-20,11.791249990463257
2011-10-21,12.352499723434448
2011-10-24,13.0
2011-10-25,12.710624933242798
2011-10-26,12.67312479019165
2011-10-27,14.29562520980835
2011-10-28,14.435625076293945
2011-10-31,13.549999713897705
2011-11-01,11.164375066757202
2011-11-02,11.483750104904175
2011-11-03,11.804374933242798
2011-11-04,11.761874914169312
2011-11-07,11.783124923706055
2011-11-08,12.22124981880188
2011-11-09,10.84249997138977
2011-11-10,10.585000276565552
2011-11-11,11.188124895095825
2011-11-14,10.924375057220459
2011-11-15,10.868124723434448
2011-11-16,10.668124914169312
2011-11-17,10.161249876022339
2011-11-18,10.21875
2011-11-21,9.996249914169312
2011-11-22,10.253124952316284
2011-11-23,10.073749780654907
2011-11-25,9.906875133514404
2011-11-28,10.341249942779541
2011-11-29,10.384999752044678
2011-11-30,11.259999752044678
2011-12-01,11.529375076293945
2011-12-02,11.880624771118164
2011-12-05,11.896250009536743
2011-12-06,11.752500057220459
2011-12-07,11.433125019073486
2011-12-08,10.969374895095825
2011-12-09,11.31000018119812
2011-12-12,11.376874923706055
2011-12-13,11.705625295639038
2011-12-14,11.555625200271606
2011-12-15,12.00125002861023
2011-12-16,12.202499866485596
2011-12-19,12.226874828338623
2011-12-20,12.820625066757202
2011-12-21,13.403125047683716
2011-12-22,13.959374904632568
2011-12-23,13.65999984741211
2011-12-27,13.491250038146973
2011-12-28,13.262500286102295
2011-12-29,13.209375143051147
2011-12-30,13.183749675750732
2012-01-03,13.692499876022339
2012-01-04,13.73562502861023
2012-01-05,13.990000009536743
2012-01-06,14.442499876022339
2012-01-09,14.684375047683716
2012-01-10,15.121249675750732
2012-01-11,14.828125
2012-01-12,14.786249876022339
2012-01-13,14.486249923706055
2012-01-17,14.946249723434448
2012-01-18,14.993124961853027
2012-01-19,15.538750171661377
2012-01-20,15.84375
2012-01-23,16.36312484741211
2012-01-24,16.29437494277954
2012-01-25,16.79562520980835
2012-01-26,17.301250457763672
2012-01-27,17.23312520980835
2012-01-30,16.941250324249268
2012-01-31,17.188125133514404
2012-02-01,17.428749561309814
2012-02-02,17.863749504089355
2012-02-03,18.80062484741211
2012-02-06,18.963125228881836
2012-02-07,19.00374984741211
2012-02-08,18.795000076293945
2012-02-09,18.062499523162842
2012-02-10,16.197500228881836
2012-02-13,17.188125133514404
2012-02-14,16.710000038146973
2012-02-15,16.191874980926514
2012-02-16,15.904374837875366
2012-02-17,16.61562490463257
2012-02-21,16.715625286102295
2012-02-22,16.868124961853027
2012-02-23,17.688124656677246
2012-02-24,18.04937505722046
2012-02-27,17.302500247955322
2012-02-28,17.40625
2012-02-29,17.86812448501587
2012-03-01,18.12374973297119
2012-03-02,18.144375324249268
2012-03-05,18.0131254196167
2012-03-06,16.885624408721924
2012-03-07,17.192500114440918
2012-03-08,18.06374979019165
2012-03-09,18.570624828338623
2012-03-12,19.09250020980835
2012-03-13,20.119999408721924
2012-03-14,19.894999980926514
2012-03-15,19.59000015258789
2012-03-16,19.938125133514404
2012-03-19,20.599374771118164
2012-03-20,21.28874969482422
2012-03-21,22.823750019073486
2012-03-22,22.43499994277954
2012-03-23,23.65374994277954
2012-03-26,26.093125343322754
2012-03-27,25.193124771118164
2012-03-28,23.508124351501465
2012-03-29,23.22374963760376
2012-03-30,24.614999294281006
2012-04-02,24.65374994277954
2012-04-03,24.273125171661377
2012-04-04,23.136250019073486
2012-04-05,23.130000114440918
2012-04-09,21.855000019073486
2012-04-10,20.74250030517578
2012-04-11,20.66437530517578
2012-04-12,21.39437484741211
2012-04-13,21.392499923706055
2012-04-16,21.211249828338623
2012-04-17,22.089374542236328
2012-04-18,21.98562526702881
2012-04-19,21.769999980926514
2012-04-20,22.336874961853027
2012-04-23,21.367499828338623
2012-04-24,21.911875247955322
2012-04-25,23.19124984741211
2012-04-26,23.933124542236328
2012-04-27,24.360000133514404
2012-04-30,23.9712495803833
2012-05-01,24.28249979019165
2012-05-02,24.210000038146973
2012-05-03,24.189374923706055
2012-05-04,23.11562490463257
2012-05-07,22.70812463760376
2012-05-08,22.484999656677246
2012-05-09,21.948750019073486
2012-05-10,22.666874408721924
2012-05-11,22.37874984741211
2012-05-14,21.25937509536743
2012-05-15,20.52187490463257
2012-05-16,19.823750019073486
2012-05-17,18.933125019073486
2012-05-18,17.715624809265137
2012-05-21,18.008749961853027
2012-05-22,18.738125324249268
2012-05-23,18.060625553131104
2012-05-24,18.396249771118164
2012-05-25,18.512499809265137
2012-05-29,19.243124961853027
2012-05-30,18.539999961853027
2012-05-31,17.779375076293945
2012-06-01,16.523749828338623
2012-06-04,16.714375495910645
2012-06-05,17.116250038146973
2012-06-06,18.24500036239624
2012-06-07,19.152499675750732
2012-06-08,19.24749994277954
2012-06-11,19.34375
2012-06-12,18.12999963760376
2012-06-13,17.675000190734863
2012-06-14,17.941874504089355
2012-06-15,18.926249504089355
2012-06-18,20.08062505722046
2012-06-19,21.35812473297119
2012-06-20,21.488749980926514
2012-06-21,20.814374446868896
2012-06-22,20.81812572479248
2012-06-25,20.063125133514404
2012-06-26,20.438125133514404
2012-06-27,20.701250076293945
2012-06-28,20.522500038146973
2012-06-29,22.321250438690186
2012-07-02,23.348750114440918
2012-07-03,24.27062463760376
2012-07-05,23.759374618530273
2012-07-06,23.210000038146973
2012-07-09,23.77375030517578
2012-07-10,23.67812490463257
2012-07-11,23.519375324249268
2012-07-12,23.492499828338623
2012-07-13,24.54937505722046
2012-07-16,25.201250076293945
2012-07-17,25.87374973297119
2012-07-18,26.119999885559082
2012-07-19,26.20187520980835
2012-07-20,25.460625171661377
2012-07-23,23.18062448501587
2012-07-24,22.806875228881836
2012-07-25,22.541874885559082
2012-07-26,24.195624828338623
2012-07-27,25.226250171661377
2012-07-30,24.97624969482422
2012-07-31,24.038125038146973
2012-08-01,24.251874923706055
2012-08-02,24.24375009536743
2012-08-03,26.18499994277954
2012-08-06,27.13124990463257
2012-08-07,27.052499771118164
2012-08-08,26.95562505722046
2012-08-09,27.45187520980835
2012-08-10,27.664999961853027
2012-08-13,28.418124675750732
2012-08-14,28.108749866485596
2012-08-15,27.517499923706055
2012-08-16,27.602499961853027
2012-08-17,28.424999713897705
2012-08-20,28.459999561309814
2012-08-21,28.44374990463257
2012-08-22,27.559375286102295
2012-08-23,27.255000114440918
2012-08-24,27.56624984741211
2012-08-27,28.313125133514404
2012-08-28,27.651249885559082
2012-08-29,27.60812520980835
2012-08-30,26.82312536239624
2012-08-31,27.350624561309814
2012-09-04,27.621874809265137
2012-09-05,28.340624809265137
2012-09-06,30.457500457763672
2012-09-07,32.838125228881836
2012-09-10,32.42187547683716
2012-09-11,31.69562530517578
2012-09-12,32.21937561035156
2012-09-13,33.57312536239624
2012-09-14,34.69687461853027
2012-09-17,33.439374923706055
2012-09-18,34.12874889373779
2012-09-19,35.05312538146973
2012-09-20,34.67000102996826
2012-09-21,35.25812530517578
2012-09-24,35.42500019073486
2012-09-25,34.671875
2012-09-26,32.10562515258789
2012-09-27,33.73562526702881
2012-09-28,33.9506254196167
2012-10-01,34.125624656677246
2012-10-02,33.698750495910645
2012-10-03,33.97062587738037
2012-10-04,34.65312480926514
2012-10-05,35.73750114440918
2012-10-08,35.01249980926514
2012-10-09,34.23500061035156
2012-10-10,33.75374984741211
2012-10-11,34.375
2012-10-12,34.492499351501465
2012-10-15,34.573750495910645
2012-10-16,35.82499980926514
2012-10-17,36.146249771118164
2012-10-18,36.37249946594238
2012-10-19,35.0699987411499
2012-10-22,34.19124984741211
2012-10-23,32.19500017166138
2012-10-24,31.841248989105225
2012-10-25,32.366249084472656
2012-10-26,32.36625051498413
2012-10-31,32.41499996185303
2012-11-01,33.234999656677246
2012-11-02,34.09500026702881
2012-11-05,32.706249713897705
2012-11-06,33.5
2012-11-07,32.114999771118164
2012-11-08,31.25624990463257
2012-11-09,31.052500247955322
2012-11-12,32.173749923706055
2012-11-13,32.72375011444092
2012-11-14,32.71374988555908
2012-11-15,31.53125
2012-11-16,32.110000133514404
2012-11-19,34.902499198913574
2012-11-20,36.08625030517578
2012-11-21,36.30875015258789
2012-11-23,37.21125030517578
2012-11-26,37.43000030517578
2012-11-27,37.70500087738037
2012-11-28,37.141249656677246
2012-11-29,38.50999927520752
2012-11-30,38.361249923706055
2012-12-03,38.04374980926514
2012-12-04,36.68000030517578
2012-12-05,36.63249969482422
2012-12-06,36.82124996185303
2012-12-07,37.38000011444092
2012-12-10,37.507500648498535
2012-12-11,38.26375102996826
2012-12-12,38.31124973297119
2012-12-13,37.296250343322754
2012-12-14,36.709999084472656
2012-12-17,37.30000114440918
2012-12-18,39.026248931884766
2012-12-19,38.27125072479248
2012-12-20,36.71749973297119
2012-12-21,33.66749954223633
2012-12-24,34.39750003814697
2012-12-26,33.28625011444092
2012-12-27,32.209999561309814
2012-12-28,31.392500400543213
2012-12-31,31.06624984741211
2013-01-02,36.078749656677246
2013-01-03,36.44250011444092
2013-01-04,36.81500053405762
2013-01-07,36.93000030517578
2013-01-08,37.3700008392334
2013-01-09,37.8174991607666
2013-01-10,38.227500915527344
2013-01-11,38.385000228881836
2013-01-14,38.921250343322754
2013-01-15,39.047499656677246
2013-01-16,39.866249084472656
2013-01-17,40.24499988555908
2013-01-18,41.273749351501465
2013-01-22,42.85749912261963
2013-01-23,44.172499656677246
2013-01-24,43.97624969482422
2013-01-25,44.176249504089355
2013-01-28,43.484999656677246
2013-01-29,43.28250026702881
2013-01-30,42.4399995803833
2013-01-31,41.361249923706055
2013-02-01,43.27500057220459
2013-02-04,41.478750228881836
2013-02-05,42.0337495803833
2013-02-06,41.94499969482422
2013-02-07,42.45750045776367
2013-02-08,43.24625015258789
2013-02-11,43.85124969482422
2013-02-12,44.511250495910645
2013-02-13,44.56375026702881
2013-02-14,44.64750099182129
2013-02-15,45.30999946594238
2013-02-19,46.61249923706055
2013-02-20,45.00874996185303
2013-02-21,42.36625003814697
2013-02-22,43.40250015258789
2013-02-25,41.53250026702881
2013-02-26,37.692501068115234
2013-02-27,39.48500061035156
2013-02-28,40.39875030517578
2013-03-01,38.30875015258789
2013-03-04,39.63999938964844
2013-03-05,42.22500038146973
2013-03-06,42.21125030517578
2013-03-07,42.47249984741211
2013-03-08,43.28125
2013-03-11,44.36625003814697
2013-03-12,44.53125
2013-03-13,44.58124923706055
2013-03-14,45.38749885559082
2013-03-15,45.38749980926514
2013-03-18,43.453749656677246
2013-03-19,43.15500068664551
2013-03-20,45.063751220703125
2013-03-21,44.36375045776367
2013-03-22,44.49749946594238
2013-03-25,44.937499046325684
2013-03-26,45.75125026702881
2013-03-27,45.27250003814697
2013-03-28,45.65625
2013-04-01,45.704999923706055
2013-04-02,46.61874961853027
2013-04-03,46.142499923706055
2013-04-04,45.44375038146973
2013-04-05,44.62750053405762
2013-04-08,46.50500011444092
2013-04-09,47.529998779296875
2013-04-10,48.60749912261963
2013-04-11,49.30625057220459
2013-04-12,49.236249923706055
2013-04-15,46.646249771118164
2013-04-16,45.38124942779541
2013-04-17,42.45375061035156
2013-04-18,39.922499656677246
2013-04-19,40.70750141143799
2013-04-22,42.140000343322754
2013-04-23,43.886250495910645
2013-04-24,44.92125129699707
2013-04-25,44.785000801086426
2013-04-26,43.98124885559082
2013-04-29,44.78125
2013-04-30,44.62125015258789
2013-05-01,43.8100004196167
2013-05-02,44.19374942779541
2013-05-03,45.500000953674316
2013-05-06,45.95625019073486
2013-05-07,46.68375015258789
2013-05-08,46.20375061035156
2013-05-09,45.56999969482422
2013-05-10,45.47624969482422
2013-05-13,46.019999504089355
2013-05-14,46.48124980926514
2013-05-15,46.19499969482422
2013-05-16,45.86750030517578
2013-05-17,46.55375003814697
2013-05-20,46.59000015258789
2013-05-21,46.28750038146973
2013-05-22,45.826250076293945
2013-05-23,44.233750343322754
2013-05-24,44.82625102996826
2013-05-28,46.357500076293945
2013-05-29,45.50624942779541
2013-05-30,45.63125038146973
2013-05-31,44.766249656677246
2013-06-03,43.63874912261963
2013-06-04,43.573750495910645
2013-06-05,42.36625003814697
2013-06-06,41.34500026702881
2013-06-07,43.692501068115234
2013-06-10,44.60249996185303
2013-06-11,42.46125030517578
2013-06-12,40.91249942779541
2013-06-13,40.166250228881836
2013-06-14,40.72000026702881
2013-06-17,40.71875
2013-06-18,41.102500915527344
2013-06-19,41.52375030517578
2013-06-20,37.86124897003174
2013-06-21,37.44250011444092
2013-06-24,35.91875076293945
2013-06-25,36.597500801086426
2013-06-26,37.396249771118164
2013-06-27,38.66374969482422
2013-06-28,38.81874942779541
2013-07-01,40.28250026702881
2013-07-02,40.04624938964844
2013-07-03,39.96125030517578
2013-07-05,41.81875038146973
2013-07-08,43.96500015258789
2013-07-09,45.32875061035156
2013-07-10,45.46249961853027
2013-07-11,46.97749996185303
2013-07-12,46.69374942779541
2013-07-15,47.18000030517578
2013-07-16,46.77500057220459
2013-07-17,47.19624996185303
2013-07-18,48.4424991607666
2013-07-19,48.78999996185303
2013-07-22,50.18125057220459
2013-07-23,50.90374946594238
2013-07-24,50.64125061035156
2013-07-25,50.61625003814697
2013-07-26,51.09500026702881
2013-07-29,51.07249927520752
2013-07-30,51.47500038146973
2013-07-31,52.8487491607666
2013-08-01,54.62874984741211
2013-08-02,55.435001373291016
2013-08-05,56.55500030517578
2013-08-06,55.77499961853027
2013-08-07,54.163750648498535
2013-08-08,55.24125003814697
2013-08-09,54.93124961853027
2013-08-12,54.21250057220459
2013-08-13,55.16749954223633
2013-08-14,55.333749771118164
2013-08-15,52.57499885559082
2013-08-16,52.750000953674316
2013-08-19,52.25874996185303
2013-08-20,51.99125099182129
2013-08-21,51.45500087738037
2013-08-22,52.125
2013-08-23,53.105000495910645
2013-08-26,52.87874984741211
2013-08-27,48.507500648498535
2013-08-28,47.36500072479248
2013-08-29,46.99875068664551
2013-08-30,46.267499923706055
2013-09-03,47.739999771118164
2013-09-04,47.80749988555908
2013-09-05,48.49125003814697
2013-09-06,48.81375026702881
2013-09-09,49.75749969482422
2013-09-10,51.95125102996826
2013-09-11,52.91125011444092
2013-09-12,53.66374969482422
2013-09-13,53.75625038146973
2013-09-16,54.59875011444092
2013-09-17,54.68375015258789
2013-09-18,55.79249954223633
2013-09-19,57.281249046325684
2013-09-20,56.73500061035156
2013-09-23,55.683749198913574
2013-09-24,55.74250030517578
2013-09-25,55.79750061035156
2013-09-26,56.638750076293945
2013-09-27,55.17750072479248
2013-09-30,52.63374996185303
2013-10-01,53.41250133514404
2013-10-02,53.00125026702881
2013-10-03,50.90499973297119
2013-10-04,50.37874984741211
2013-10-07,48.108750343322754
2013-10-08,45.791250228881836
2013-10-09,45.46250057220459
2013-10-10,49.40124988555908
2013-10-11,51.40625
2013-10-14,50.34749984741211
2013-10-15,49.46500015258789
2013-10-16,51.951250076293945
2013-10-17,55.01124954223633
2013-10-18,57.34249973297119
2013-10-21,57.56125068664551
2013-10-22,57.34875011444092
2013-10-23,55.79375076293945
2013-10-24,56.8462495803833
2013-10-25,57.10624980926514
2013-10-28,56.927499771118164
2013-10-29,57.1537504196167
2013-10-30,56.85249996185303
2013-10-31,56.989999771118164
2013-11-01,57.3100004196167
2013-11-04,58.18000030517578
2013-11-05,58.63749980926514
2013-11-06,59.54374980926514
2013-11-07,58.85624980926514
2013-11-08,59.239999771118164
2013-11-11,60.197500228881836
2013-11-12,60.38749980926514
2013-11-13,60.238749504089355
2013-11-14,61.14125061035156
2013-11-15,62.031250953674316
2013-11-18,62.760000228881836
2013-11-19,61.86375045776367
2013-11-20,61.986249923706055
2013-11-21,64.21125030517578
2013-11-22,65.33624839782715
2013-11-25,65.82499885559082
2013-11-26,65.35999870300293
2013-11-27,65.24250221252441
2013-11-29,64.76625061035156
2013-12-02,64.00749969482422
2013-12-03,62.04500102996826
2013-12-04,61.63624954223633
2013-12-05,62.603750228881836
2013-12-06,64.12124919891357
2013-12-09,64.92499923706055
2013-12-10,64.62250137329102
2013-12-11,63.14624881744385
2013-12-12,61.415000915527344
2013-12-13,61.27250099182129
2013-12-16,61.51124954223633
2013-12-17,60.76875019073486
2013-12-18,63.542500495910645
2013-12-19,65.23500061035156
2013-12-20,65.16499900817871
2013-12-23,66.23999977111816
2013-12-24,68.0987491607666
2013-12-26,69.63749885559082
2013-12-27,69.00374794006348
2013-12-30,67.81624984741211
2013-12-31,67.61124992370605
2014-01-02,66.23624992370605
2014-01-03,66.60625076293945
2014-01-06,67.45499992370605
2014-01-07,68.49625015258789
2014-01-08,68.62750053405762
2014-01-09,68.7249984741211
2014-01-10,69.51874923706055
2014-01-13,68.6349983215332
2014-01-14,69.56374931335449
2014-01-15,70.26000022888184
2014-01-16,69.81124877929688
2014-01-17,69.80499839782715
2014-01-21,70.2237491607666
2014-01-22,71.40374946594238
2014-01-23,69.7750015258789
2014-01-24,65.25
2014-01-27,61.62750053405762
2014-01-28,63.10750102996826
2014-01-29,60.807498931884766
2014-01-30,61.34999942779541
2014-01-31,56.404998779296875
2014-02-03,53.915000915527344
2014-02-04,52.92250061035156
2014-02-05,51.3774995803833
2014-02-06,53.99499988555908
2014-02-07,58.8125
2014-02-10,59.70750045776367
2014-02-11,61.132500648498535
2014-02-12,62.464999198913574
2014-02-13,62.295000076293945
2014-02-14,64.07999992370605
2014-02-18,64.76500034332275
2014-02-19,62.61999988555908
2014-02-20,62.06750011444092
2014-02-21,63.22500038146973
2014-02-24,63.047499656677246
2014-02-25,62.8100004196167
2014-02-26,62.40500068664551
2014-02-27,61.68249988555908
2014-02-28,61.642499923706055
2014-03-03,57.65750026702881
2014-03-04,61.015000343322754
2014-03-05,61.15999984741211
2014-03-06,61.507500648498535
2014-03-07,61.0625
2014-03-10,59.94250011444092
2014-03-11,60.30999946594238
2014-03-12,59.1175012588501
2014-03-13,58.75
2014-03-14,55.98750019073486
2014-03-17,57.8125
2014-03-18,59.952500343322754
2014-03-19,59.452500343322754
2014-03-20,59.23749923706055
2014-03-21,59.80500030517578
2014-03-24,58.96000099182129
2014-03-25,59.614999771118164
2014-03-26,59.60999870300293
2014-03-27,59.02499866485596
2014-03-28,59.97500038146973
2014-03-31,61.34250068664551
2014-04-01,63.13999938964844
2014-04-02,63.6924991607666
2014-04-03,63.489999771118164
2014-04-04,63.375
2014-04-07,61.232500076293945
2014-04-08,61.38249969482422
2014-04-09,63.01249980926514
2014-04-10,61.60249900817871
2014-04-11,58.48750019073486
2014-04-14,58.26499938964844
2014-04-15,58.260000228881836
2014-04-16,60.42500019073486
2014-04-17,61.429999351501465
2014-04-21,62.61750030517578
2014-04-22,63.18249988555908
2014-04-23,62.99250030517578
2014-04-24,62.75250053405762
2014-04-25,61.59000015258789
2014-04-28,62.46000003814697
2014-04-29,63.82999897003174
2014-04-30,64.10500144958496
2014-05-01,64.25
2014-05-02,64.72250080108643
2014-05-05,64.37500190734863
2014-05-06,64.9900016784668
2014-05-07,65.27500057220459
2014-05-08,66.24250030517578
2014-05-09,66.52999877929688
2014-05-12,68.71500205993652
2014-05-13,69.37249946594238
2014-05-14,69.28499984741211
2014-05-15,68.58749961853027
2014-05-16,69.61750030517578
2014-05-19,70.61750030517578
2014-05-20,71.42250061035156
2014-05-21,72.6875
2014-05-22,72.98500061035156
2014-05-23,73.33500099182129
2014-05-27,75.22749900817871
2014-05-28,75.68999862670898
2014-05-29,76.27000045776367
2014-05-30,76.24749946594238
2014-06-02,76.47749900817871
2014-06-03,76.43500137329102
2014-06-04,76.81499862670898
2014-06-05,79.14249992370605
2014-06-06,83.13999938964844
2014-06-09,83.95000076293945
2014-06-10,83.42749977111816
2014-06-11,82.62249946594238
2014-06-12,80.01249885559082
2014-06-13,79.38500022888184
2014-06-16,79.76249885559082
2014-06-17,81.4325008392334
2014-06-18,85.05000114440918
2014-06-19,87.26500129699707
2014-06-20,86.47500038146973
2014-06-23,86.62750053405762
2014-06-24,85.80499839782715
2014-06-25,85.37250137329102
2014-06-26,86.69500160217285
2014-06-27,86.55749893188477
2014-06-30,88.04749870300293
2014-07-01,89.92000198364258
2014-07-02,91.29000091552734
2014-07-03,92.8799991607666
2014-07-07,91.40499877929688
2014-07-08,89.1674976348877
2014-07-09,90.7874984741211
2014-07-10,87.2400016784668
2014-07-11,88.27499961853027
2014-07-14,91.16749954223633
2014-07-15,90.36249732971191
2014-07-16,91.63750076293945
2014-07-17,86.61750030517578
2014-07-18,87.84000015258789
2014-07-21,87.18500137329102
2014-07-22,88.90999984741211
2014-07-23,88.50500106811523
2014-07-24,88.29749870300293
2014-07-25,86.41750144958496
2014-07-28,85.85750007629395
2014-07-29,86.74249839782715
2014-07-30,86.20749855041504
2014-07-31,79.9325008392334
2014-08-01,75.79000091552734
2014-08-04,75.97999954223633
2014-08-05,73.54750061035156
2014-08-06,71.60499954223633
2014-08-07,71.40999984741211
2014-08-08,71.08500099182129
2014-08-11,75.25000190734863
2014-08-12,76.07250022888184
2014-08-13,79.15250015258789
2014-08-14,82.1200008392334
2014-08-15,82.74749946594238
2014-08-18,85.74749946594238
2014-08-19,86.96000099182129
2014-08-20,85.79249954223633
2014-08-21,85.89749908447266
2014-08-22,86.05500030517578
2014-08-25,87.24750137329102
2014-08-26,86.80999946594238
2014-08-27,85.99750137329102
2014-08-28,84.07500076293945
2014-08-29,85.0575008392334
2014-09-02,84.67999839782715
2014-09-03,85.43249893188477
2014-09-04,85.72000122070312
2014-09-05,86.06000137329102
2014-09-08,86.62499809265137
2014-09-09,85.27000045776367
2014-09-10,84.40750122070312
2014-09-11,84.34749984741211
2014-09-12,83.90750122070312
2014-09-15,82.04000091552734
2014-09-16,82.83999824523926
2014-09-17,86.00250053405762
2014-09-18,86.8125
2014-09-19,87.42499923706055
2014-09-22,84.96750068664551
2014-09-23,81.8375015258789
2014-09-24,82.27249717712402
2014-09-25,79.67500114440918
2014-09-26,79.00749969482422
2014-09-29,76.11749839782715
2014-09-30,75.51749992370605
2014-10-01,73.72500038146973
2014-10-02,73.22999954223633
2014-10-03,77.50500106811523
2014-10-06,78.69250297546387
2014-10-07,73.43500137329102
2014-10-08,74.22500038146973
2014-10-09,73.35750007629395
2014-10-10,66.52000045776367
2014-10-13,60.01499938964844
2014-10-14,56.96000003814697
2014-10-15,53.015000343322754
2014-10-16,51.21750068664551
2014-10-17,56.172499656677246
2014-10-20,57.48749923706055
2014-10-21,63.042500495910645
2014-10-22,61.932498931884766
2014-10-23,62.97999954223633
2014-10-24,62.29750061035156
2014-10-27,63.06999969482422
2014-10-28,66.92250061035156
2014-10-29,67.41749954223633
2014-10-30,66.56999969482422
2014-10-31,68.75500106811523
2014-11-03,68.18999862670898
2014-11-04,67.25750160217285
2014-11-05,68.92000007629395
2014-11-06,69.84499931335449
2014-11-07,71.12750053405762
2014-11-10,73.38750076293945
2014-11-11,74.42500114440918
2014-11-12,73.33250045776367
2014-11-13,72.70000076293945
2014-11-14,72.13749885559082
2014-11-17,72.26000022888184
2014-11-18,73.71249771118164
2014-11-19,72.4575023651123
2014-11-20,71.87250137329102
2014-11-21,74.53000068664551
2014-11-24,75.375
2014-11-25,76.15999984741211
2014-11-26,77.0149974822998
2014-11-28,76.52249908447266
2014-12-01,73.05749893188477
2014-12-02,74.32500076293945
2014-12-03,77.10999870300293
2014-12-04,76.65999984741211
2014-12-05,78.69750022888184
2014-12-08,76.84250068664551
2014-12-09,72.7750015258789
2014-12-10,69.90499877929688
2014-12-11,65.49249935150146
2014-12-12,59.95750045776367
2014-12-15,60.89750003814697
2014-12-16,59.4950008392334
2014-12-17,59.76500129699707
2014-12-18,64.99250030517578
2014-12-19,65.17749977111816
2014-12-22,67.64999961853027
2014-12-23,68.29250144958496
2014-12-24,68.90250015258789
2014-12-26,68.5825023651123
2014-12-29,68.0825023651123
2014-12-30,67.08499908447266
2014-12-31,63.82499885559082
2015-01-02,62.105000495910645
2015-01-05,59.08500003814697
2015-01-06,57.02500057220459
2015-01-07,58.13249969482422
2015-01-08,61.27250003814697
2015-01-09,61.05999946594238
2015-01-12,57.59499931335449
2015-01-13,56.38999938964844
2015-01-14,53.244998931884766
2015-01-15,53.749999046325684
2015-01-16,52.76249885559082
2015-01-20,54.0699987411499
2015-01-21,54.73750114440918
2015-01-22,58.577500343322754
2015-01-23,59.3100004196167
2015-01-26,59.87249946594238
2015-01-27,58.4424991607666
2015-01-28,56.47749996185303
2015-01-29,53.359999656677246
2015-01-30,51.017499923706055
2015-02-02,50.7574987411499
2015-02-03,53.44250011444092
2015-02-04,53.50250053405762
2015-02-05,54.0600004196167
2015-02-06,53.60499954223633
2015-02-09,51.64999961853027
2015-02-10,53.47499942779541
2015-02-11,53.422499656677246
2015-02-12,56.01499938964844
2015-02-13,57.297499656677246
2015-02-17,57.36250019073486
2015-02-18,57.44000053405762
2015-02-19,58.35000038146973
2015-02-20,59.772499084472656
2015-02-23,60.89999961853027
2015-02-24,62.607500076293945
2015-02-25,63.86500072479248
2015-02-26,63.582499504089355
2015-02-27,64.2700023651123
2015-03-02,65.49250030517578
2015-03-03,65.01749992370605
2015-03-04,64.26999950408936
2015-03-05,65.53999900817871
2015-03-06,64.11999893188477
2015-03-09,63.697500228881836
2015-03-10,61.8149995803833
2015-03-11,60.83500003814697
2015-03-12,62.614999771118164
2015-03-13,62.66250038146973
2015-03-16,63.63249969482422
2015-03-17,63.49499988555908
2015-03-18,65.39000034332275
2015-03-19,66.2450008392334
2015-03-20,68.18750190734863
2015-03-23,68.96999931335449
2015-03-24,69.50250053405762
2015-03-25,68.11000061035156
2015-03-26,65.89000129699707
2015-03-27,67.30500030517578
2015-03-30,69.54999923706055
2015-03-31,68.68500137329102
2015-04-01,67.44499778747559
2015-04-02,68.92000007629395
2015-04-06,69.90749931335449
2015-04-07,71.44500160217285
2015-04-08,71.875
2015-04-09,73.64250183105469
2015-04-10,76.89249801635742
2015-04-13,77.57500076293945
2015-04-14,75.98250007629395
2015-04-15,78.26000022888184
2015-04-16,79.12750053405762
2015-04-17,76.84500122070312
2015-04-20,79.32250022888184
2015-04-21,80.15999984741211
2015-04-22,80.21249961853027
2015-04-23,80.94000053405762
2015-04-24,82.03499794006348
2015-04-27,81.3799991607666
2015-04-28,80.44999885559082
2015-04-29,80.55500030517578
2015-04-30,78.59250068664551
2015-05-01,80.67249870300293
2015-05-04,82.15250205993652
2015-05-05,80.35750198364258
2015-05-06,78.27750205993652
2015-05-07,77.75749778747559
2015-05-08,81.85249710083008
2015-05-11,81.28249931335449
2015-05-12,79.5825023651123
2015-05-13,81.42249870300293
2015-05-14,83.15250015258789
2015-05-15,83.82750129699707
2015-05-18,85.8700008392334
2015-05-19,87.8174991607666
2015-05-20,88.11250114440918
2015-05-21,89.10999870300293
2015-05-22,90.61000061035156
2015-05-26,87.94499969482422
2015-05-27,88.88500022888184
2015-05-28,88.97000122070312
2015-05-29,88.63749885559082
2015-06-01,89.32749938964844
2015-06-02,88.36249923706055
2015-06-03,89.01749992370605
2015-06-04,87.3125
2015-06-05,86.95000076293945
2015-06-08,86.68499946594238
2015-06-09,86.3125
2015-06-10,89.62250137329102
2015-06-11,92.29249954223633
2015-06-12,91.1500015258789
2015-06-15,88.46499824523926
2015-06-16,87.94000053405762
2015-06-17,89.18000030517578
2015-06-18,91.4625015258789
2015-06-19,91.40500068664551
2015-06-22,93.85249900817871
2015-06-23,96.37249946594238
2015-06-24,96.40499687194824
2015-06-25,95.46499824523926
2015-06-26,94.77749824523926
2015-06-29,84.35000228881836
2015-06-30,80.24249839782715
2015-07-01,83.56249809265137
2015-07-02,81.79999923706055
2015-07-06,76.77750015258789
2015-07-07,78.48999977111816
2015-07-08,75.84499931335449
2015-07-09,74.94000053405762
2015-07-10,76.68499946594238
2015-07-13,83.98500061035156
2015-07-14,86.17000007629395
2015-07-15,86.36000061035156
2015-07-16,90.9275016784668
2015-07-17,92.77250099182129
2015-07-20,93.70500183105469
2015-07-21,93.6974983215332
2015-07-22,93.37249755859375
2015-07-23,94.31000137329102
2015-07-24,91.74250030517578
2015-07-27,85.95499992370605
2015-07-28,89.63749885559082
2015-07-29,92.85750007629395
2015-07-30,93.04250144958496
2015-07-31,94.19999885559082
2015-08-03,94.29499816894531
2015-08-04,94.78000068664551
2015-08-05,95.7249984741211
2015-08-06,93.56500053405762
2015-08-07,92.56999969482422
2015-08-10,96.21000099182129
2015-08-11,92.54749870300293
2015-08-12,89.66749954223633
2015-08-13,93.2450008392334
2015-08-14,93.56250190734863
2015-08-17,93.58250045776367
2015-08-18,94.13249969482422
2015-08-19,92.11999893188477
2015-08-20,86.19999885559082
2015-08-21,75.5575008392334
2015-08-24,54.61499881744385
2015-08-25,55.94000053405762
2015-08-26,54.489999771118164
2015-08-27,55.695000648498535
2015-08-28,52.08749961853027
2015-08-31,50.84000015258789
2015-09-01,44.2475004196167
2015-09-02,46.3149995803833
2015-09-03,48.7524995803833
2015-09-04,45.03999996185303
2015-09-08,47.510000228881836
2015-09-09,48.89500045776367
2015-09-10,46.92749881744385
2015-09-11,48.49499988555908
2015-09-14,49.140000343322754
2015-09-15,52.09500026702881
2015-09-16,56.46999931335449
2015-09-17,58.48500061035156
2015-09-18,51.66250038146973
2015-09-21,53.19250011444092
2015-09-22,50.36750030517578
2015-09-23,51.052499771118164
2015-09-24,49.23250102996826
2015-09-25,50.392499923706055
2015-09-28,46.22500038146973
2015-09-29,45.80749988555908
2015-09-30,47.35499954223633
2015-10-01,47.55000019073486
2015-10-02,48.422499656677246
2015-10-05,52.73750114440918
2015-10-06,53.36000061035156
2015-10-07,53.67500114440918
2015-10-08,55.642499923706055
2015-10-09,56.70500087738037
2015-10-12,58.72249984741211
2015-10-13,58.41499900817871
2015-10-14,55.89500045776367
2015-10-15,58.22999954223633
2015-10-16,59.80500030517578
2015-10-19,62.22249889373779
2015-10-20,62.83500003814697
2015-10-21,60.26999855041504
2015-10-22,60.802499771118164
2015-10-23,62.58750057220459
2015-10-26,60.47499942779541
2015-10-27,59.97249889373779
2015-10-28,61.46749973297119
2015-10-29,61.65749931335449
2015-10-30,61.484999656677246
2015-11-02,62.54249858856201
2015-11-03,63.190001487731934
2015-11-04,61.82749938964844
2015-11-05,61.11750030517578
2015-11-06,62.16999912261963
2015-11-09,61.105000495910645
2015-11-10,60.20750045776367
2015-11-11,60.9375
2015-11-12,56.70750141143799
2015-11-13,52.74749946594238
2015-11-16,53.59999942779541
2015-11-17,54.72749996185303
2015-11-18,55.4399995803833
2015-11-19,55.427499771118164
2015-11-20,56.68000030517578
2015-11-23,57.50250053405762
2015-11-24,57.190001487731934
2015-11-25,58.25999927520752
2015-11-27,58.42750072479248
2015-11-30,58.34749984741211
2015-12-01,59.90750026702881
2015-12-02,59.74499988555908
2015-12-03,56.61250019073486
2015-12-04,57.57749938964844
2015-12-07,57.97499942779541
2015-12-08,55.86999988555908
2015-12-09,54.59000015258789
2015-12-10,53.40000057220459
2015-12-11,47.53999900817871
2015-12-14,46.17250061035156
2015-12-15,49.667500495910645
2015-12-16,52.454999923706055
2015-12-17,52.357500076293945
2015-12-18,48.332499504089355
2015-12-21,48.61249923706055
2015-12-22,51.172499656677246
2015-12-23,52.62750053405762
2015-12-24,52.152499198913574
2015-12-28,51.452500343322754
2015-12-29,53.27250099182129
2015-12-30,52.16499900817871
2015-12-31,50.947500228881836
2016-01-04,46.492499351501465
2016-01-05,48.374999046325684
2016-01-06,46.53250026702881
2016-01-07,43.392499923706055
2016-01-08,41.72499942779541
2016-01-11,39.89250087738037
2016-01-12,42.304999351501465
2016-01-13,41.05999946594238
2016-01-14,39.31999969482422
2016-01-15,35.88749980926514
2016-01-19,36.35249996185303
2016-01-20,34.442500591278076
2016-01-21,35.23500061035156
2016-01-22,37.447500228881836
2016-01-25,37.052499771118164
2016-01-26,37.22249984741211
2016-01-27,37.11999988555908
2016-01-28,37.272499084472656
2016-01-29,38.49499988555908
2016-02-01,39.167500495910645
2016-02-02,37.50500011444092
2016-02-03,36.79249954223633
2016-02-04,37.015000343322754
2016-02-05,36.10499954223633
2016-02-08,33.66250038146973
2016-02-09,33.09749984741211
2016-02-10,33.812499046325684
2016-02-11,31.049999713897705
2016-02-12,32.222500801086426
2016-02-16,33.77250003814697
2016-02-17,35.095001220703125
2016-02-18,35.51249980926514
2016-02-19,35.59000110626221
2016-02-22,37.954999923706055
2016-02-23,37.31500053405762
2016-02-24,35.804999351501465
2016-02-25,37.39000129699707
2016-02-26,38.03249931335449
2016-02-29,37.489999771118164
2016-03-01,38.829999923706055
2016-03-02,40.16249942779541
2016-03-03,41.3100004196167
2016-03-04,42.07749938964844
2016-03-07,41.23999881744385
2016-03-08,40.28250026702881
2016-03-09,40.13749980926514
2016-03-10,40.83749961853027
2016-03-11,42.54500102996826
2016-03-14,43.3050012588501
2016-03-15,42.82749938964844
2016-03-16,43.78999996185303
2016-03-17,45.5024995803833
2016-03-18,46.4975004196167
2016-03-21,47.09749984741211
2016-03-22,47.77500057220459
2016-03-23,46.90999984741211
2016-03-24,45.29750061035156
2016-03-28,46.83750057220459
2016-03-29,48.14750003814697
2016-03-30,50.69000053405762
2016-03-31,50.53750038146973
2016-04-01,50.385000228881836
2016-04-04,51.32500076293945
2016-04-05,48.239999771118164
2016-04-06,49.28499889373779
2016-04-07,47.59000015258789
2016-04-08,47.52499961853027
2016-04-11,47.492499351501465
2016-04-12,47.22000026702881
2016-04-13,49.89250087738037
2016-04-14,50.64999961853027
2016-04-15,51.01249980926514
2016-04-18,52.730000495910645
2016-04-19,54.4350004196167
2016-04-20,54.41499996185303
2016-04-21,52.95000076293945
2016-04-22,53.28749942779541
2016-04-25,53.15250015258789
2016-04-26,54.392499923706055
2016-04-27,55.09249973297119
2016-04-28,54.42500019073486
2016-04-29,51.239999771118164
2016-05-02,53.27250003814697
2016-05-03,52.010000228881836
2016-05-04,50.78999996185303
2016-05-05,51.542500495910645
2016-05-06,52.32500076293945
2016-05-09,54.64750003814697
2016-05-10,56.80999946594238
2016-05-11,56.40000057220459
2016-05-12,55.64750003814697
2016-05-13,55.11250019073486
2016-05-16,55.57500076293945
2016-05-17,54.88499927520752
2016-05-18,54.28249931335449
2016-05-19,53.1299991607666
2016-05-20,55.5024995803833
2016-05-23,56.15999984741211
2016-05-24,57.85000038146973
2016-05-25,59.61750030517578
2016-05-26,59.91999912261963
2016-05-27,61.20249938964844
2016-05-31,61.91499996185303
2016-06-01,61.52499961853027
2016-06-02,62.720001220703125
2016-06-03,63.30249881744385
2016-06-06,64.74749946594238
2016-06-07,65.60750007629395
2016-06-08,64.89999961853027
2016-06-09,63.46249961853027
2016-06-10,59.21000003814697
2016-06-13,52.50500011444092
2016-06-14,49.1274995803833
2016-06-15,51.02500057220459
2016-06-16,49.83250045776367
2016-06-17,51.99250030517578
2016-06-20,55.77250003814697
2016-06-21,55.65999984741211
2016-06-22,54.47499942779541
2016-06-23,57.23999881744385
2016-06-24,45.48750019073486
2016-06-27,41.27499961853027
2016-06-28,44.26750087738037
2016-06-29,47.244998931884766
2016-06-30,48.55000019073486
2016-07-01,50.03250026702881
2016-07-05,49.26250076293945
2016-07-06,49.77250099182129
2016-07-07,51.48750019073486
2016-07-08,54.47749996185303
2016-07-11,55.769999504089355
2016-07-12,56.26250076293945
2016-07-13,57.02000045776367
2016-07-14,57.77250003814697
2016-07-15,57.4375
2016-07-18,58.160000801086426
2016-07-19,58.67500019073486
2016-07-20,60.16499900817871
2016-07-21,59.38249969482422
2016-07-22,59.670000076293945
2016-07-25,60.03499984741211
2016-07-26,60.46749973297119
2016-07-27,61.80999946594238
2016-07-28,62.72500038146973
2016-07-29,64.75500011444092
2016-08-01,66.49750137329102
2016-08-02,64.75500011444092
2016-08-03,64.88000106811523
2016-08-04,67.17749977111816
2016-08-05,69.91500091552734
2016-08-08,71.21500015258789
2016-08-09,72.78500175476074
2016-08-10,71.78999900817871
2016-08-11,71.77749824523926
2016-08-12,71.64249992370605
2016-08-15,73.12749862670898
2016-08-16,71.1674976348877
2016-08-17,71.35750198364258
2016-08-18,72.89999961853027
2016-08-19,73.11750030517578
2016-08-22,72.92249870300293
2016-08-23,73.6150016784668
2016-08-24,72.20999908447266
2016-08-25,71.25749778747559
2016-08-26,71.72999954223633
2016-08-29,72.38000106811523
2016-08-30,73.13999938964844
2016-08-31,72.73500061035156
2016-09-01,72.99999809265137
2016-09-02,75.46500015258789
2016-09-06,77.25500106811523
2016-09-07,78.52499961853027
2016-09-08,78.74249839782715
2016-09-09,71.01749992370605
2016-09-12,68.0999984741211
2016-09-13,64.13750076293945
2016-09-14,62.78999996185303
2016-09-15,63.06500053405762
2016-09-16,63.85499954223633
2016-09-19,67.05000114440918
2016-09-20,67.53000068664551
2016-09-21,70.02499961853027
2016-09-22,74.42000007629395
2016-09-23,74.34249877929688
2016-09-26,70.70999908447266
2016-09-27,72.07499885559082
2016-09-28,73.9950008392334
2016-09-29,71.85249710083008
2016-09-30,72.85000038146973
2016-10-03,72.86750030517578
2016-10-04,73.73500061035156
2016-10-05,74.48750114440918
2016-10-06,74.48250007629395
2016-10-07,74.79749870300293
2016-10-10,76.15500068664551
2016-10-11,73.76000022888184
2016-10-12,72.44499969482422
2016-10-13,69.42249870300293
2016-10-14,71.32000160217285
2016-10-17,70.91500091552734
2016-10-18,73.31000137329102
2016-10-19,75.42000007629395
2016-10-20,75.85250091552734
2016-10-21,77.06500053405762
2016-10-24,80.51000022888184
2016-10-25,80.27750015258789
2016-10-26,78.47750091552734
2016-10-27,77.97750091552734
2016-10-28,74.84499931335449
2016-10-31,72.79999923706055
2016-11-01,69.94750022888184
2016-11-02,68.73250007629395
2016-11-03,66.22499942779541
2016-11-04,65.05500030517578
2016-11-07,71.06000137329102
2016-11-08,72.91749954223633
2016-11-09,73.4275016784668
2016-11-10,75.5625
2016-11-11,74.05749893188477
2016-11-14,75.28499794006348
2016-11-15,77.88249969482422
2016-11-16,78.45750045776367
2016-11-17,79.97749900817871
2016-11-18,81.20249938964844
2016-11-21,83.82749938964844
2016-11-22,84.59249877929688
2016-11-23,84.09749984741211
2016-11-25,84.73499870300293
2016-11-28,84.07499885559082
2016-11-29,84.60999870300293
2016-11-30,85.33749961853027
2016-12-01,82.90250015258789
2016-12-02,81.78750038146973
2016-12-05,85.55500030517578
2016-12-06,88.90750122070312
2016-12-07,90.01999855041504
2016-12-08,88.5625
2016-12-09,89.32250213623047
2016-12-12,89.5250015258789
2016-12-13,88.77249908447266
2016-12-14,89.02250099182129
2016-12-15,89.99750137329102
2016-12-16,91.04249954223633
2016-12-19,93.38500022888184
2016-12-20,95.86249923706055
2016-12-21,97.33749961853027
2016-12-22,96.86499977111816
2016-12-23,96.03000068664551
2016-12-27,97.24499893188477
2016-12-28,96.29750061035156
2016-12-29,93.37750053405762
2016-12-30,92.22500038146973
2017-01-03,95.97749900817871
2017-01-04,100.78499984741211
2017-01-05,101.80999946594238
2017-01-06,104.39750099182129
2017-01-09,104.23250007629395
2017-01-10,105.19500160217285
2017-01-11,105.80000114440918
2017-01-12,105.88749885559082
2017-01-13,107.47999954223633
2017-01-17,106.66000175476074
2017-01-18,108.29999923706055
2017-01-19,107.49499893188477
2017-01-20,109.3174991607666
2017-01-23,110.86250114440918
2017-01-24,115.3025016784668
2017-01-25,119.44250106811523
2017-01-26,119.38999938964844
2017-01-27,120.10250091552734
2017-01-30,116.46999931335449
2017-01-31,116.57999992370605
2017-02-01,119.9000015258789
2017-02-02,118.89499855041504
2017-02-03,121.43000030517578
2017-02-06,120.77750015258789
2017-02-07,121.02750015258789
2017-02-08,120.30749893188477
2017-02-09,122.71500015258789
2017-02-10,125.19999885559082
2017-02-13,128.51000213623047
2017-02-14,132.19250106811523
2017-02-15,132.50249862670898
2017-02-16,128.1699981689453
2017-02-17,127.59499931335449
2017-02-21,129.11999702453613
2017-02-22,126.625
2017-02-23,124.75
2017-02-24,122.04500007629395
2017-02-27,125.82749938964844
2017-02-28,123.84000015258789
2017-03-01,126.75250053405762
2017-03-02,125.36250114440918
2017-03-03,127.86749839782715
2017-03-06,130.05749893188477
2017-03-07,131.25750350952148
2017-03-08,131.44249725341797
2017-03-09,130.67000198364258
2017-03-10,131.89500045776367
2017-03-13,134.08250045776367
2017-03-14,133.8474998474121
2017-03-15,136.1599998474121
2017-03-16,139.53250122070312
2017-03-17,142.30749893188477
2017-03-20,142.60750198364258
2017-03-21,140.70249938964844
2017-03-22,135.6525001525879
2017-03-23,133.58499908447266
2017-03-24,132.80500411987305
2017-03-27,132.55749893188477
2017-03-28,140.87999725341797
2017-03-29,144.54000091552734
2017-03-30,143.9474983215332
2017-03-31,142.62749862670898
2017-04-03,139.7750015258789
2017-04-04,140.47000122070312
2017-04-05,141.00500106811523
2017-04-06,139.9224967956543
2017-04-07,136.69499969482422
2017-04-10,132.6974983215332
2017-04-11,125.3375015258789
2017-04-12,123.97750282287598
2017-04-13,122.6200008392334
2017-04-17,125.22749900817871
2017-04-18,126.29500198364258
2017-04-19,127.58499908447266
2017-04-20,127.41749954223633
2017-04-21,127.19499969482422
2017-04-24,139.68999862670898
2017-04-25,144.2400016784668
2017-04-26,143.63000106811523
2017-04-27,144.76000213623047
2017-04-28,144.63999938964844
2017-05-01,148.87499618530273
2017-05-02,150.23749542236328
2017-05-03,147.97999954223633
2017-05-04,149.43000030517578
2017-05-05,150.6425018310547
2017-05-08,153.39500427246094
2017-05-09,155.1500015258789
2017-05-10,153.95750045776367
2017-05-11,152.22499465942383
2017-05-12,153.74999618530273
2017-05-15,156.6775016784668
2017-05-16,158.99500274658203
2017-05-17,140.30750274658203
2017-05-18,133.20999908447266
2017-05-19,140.61249923706055
2017-05-22,147.49249649047852
2017-05-23,148.89249801635742
2017-05-24,150.61750030517578
2017-05-25,151.71749877929688
2017-05-26,151.97750091552734
2017-05-30,153.16250228881836
2017-05-31,153.57749938964844
2017-06-01,156.07500457763672
2017-06-02,156.74999618530273
2017-06-05,156.65499877929688
2017-06-06,153.47999572753906
2017-06-07,153.30500030517578
2017-06-08,156.18000411987305
2017-06-09,155.88000106811523
2017-06-12,152.65749740600586
2017-06-13,157.81999969482422
2017-06-14,158.7599983215332
2017-06-15,155.70000076293945
2017-06-16,158.40250396728516
2017-06-19,163.09999465942383
2017-06-20,161.03249740600586
2017-06-21,161.7300033569336
2017-06-22,162.13249588012695
2017-06-23,163.4499969482422
2017-06-26,166.96749877929688
2017-06-27,165.06750106811523
2017-06-28,165.86500549316406
2017-06-29,158.53249740600586
2017-06-30,160.9824981689453
2017-07-03,161.5349998474121
2017-07-05,158.63750457763672
2017-07-06,153.35750198364258
2017-07-07,154.88249969482422
2017-07-10,158.61499786376953
2017-07-11,158.84500122070312
2017-07-12,164.53250122070312
2017-07-13,166.3000030517578
2017-07-14,168.8375015258789
2017-07-17,173.88500213623047
2017-07-18,174.34500122070312
2017-07-19,178.91500091552734
2017-07-20,179.44000244140625
2017-07-21,180.40499877929688
2017-07-24,183.8499984741211
2017-07-25,184.79999542236328
2017-07-26,184.95499801635742
2017-07-27,181.5150032043457
2017-07-28,179.0099983215332
2017-07-31,182.11499786376953
2017-08-01,183.9900016784668
2017-08-02,183.45499801635742
2017-08-03,181.9099998474121
2017-08-04,182.14999771118164
2017-08-07,182.93000030517578
2017-08-08,181.2699966430664
2017-08-09,173.53999710083008
2017-08-10,159.3650016784668
2017-08-11,144.91499710083008
2017-08-14,157.92499923706055
2017-08-15,163.3849983215332
2017-08-16,163.0900001525879
2017-08-17,148.31499862670898
2017-08-18,142.04500198364258
2017-08-21,144.02000427246094
2017-08-22,154.67499923706055
2017-08-23,153.4000015258789
2017-08-24,153.2849998474121
2017-08-25,154.81999969482422
2017-08-28,156.63000106811523
2017-08-29,150.22000122070312
2017-08-30,155.6699981689453
2017-08-31,158.7150001525879
2017-09-01,161.21499633789062
2017-09-05,152.28000259399414
2017-09-06,154.70999908447266
2017-09-07,155.8599967956543
2017-09-08,153.41499710083008
2017-09-11,160.09000396728516
2017-09-12,164.22500228881836
2017-09-13,168.45000457763672
2017-09-14,169.52999877929688
2017-09-15,171.02499771118164
2017-09-18,177.2849998474121
2017-09-19,179.0250015258789
2017-09-20,177.77000045776367
2017-09-21,179.3000030517578
2017-09-22,177.2050018310547
2017-09-25,177.18999862670898
2017-09-26,179.32500076293945
2017-09-27,181.52499771118164
2017-09-28,182.3550033569336
2017-09-29,185.65500259399414
2017-10-02,190.3249969482422
2017-10-03,192.3300018310547
2017-10-04,191.44000244140625
2017-10-05,195.32500076293945
2017-10-06,196.26000213623047
2017-10-09,195.7650032043457
2017-10-10,196.88500213623047
2017-10-11,200.16000366210938
2017-10-12,202.81000518798828
2017-10-13,206.7650032043457
2017-10-16,209.66499710083008
2017-10-17,210.04999923706055
2017-10-18,211.59500122070312
2017-10-19,207.88000106811523
2017-10-20,216.10499954223633
2017-10-23,213.23999786376953
2017-10-24,210.20999908447266
2017-10-25,199.32500076293945
2017-10-26,203.06999969482422
2017-10-27,208.94000244140625
2017-10-30,209.39500045776367
2017-10-31,213.5150032043457
2017-11-01,214.68500137329102
2017-11-02,213.125
2017-11-03,216.2150001525879
2017-11-06,217.43000030517578
2017-11-07,217.06999969482422
2017-11-08,216.33000564575195
2017-11-09,209.58499908447266
2017-11-10,210.02000045776367
2017-11-13,207.4099998474121
2017-11-14,204.97500228881836
2017-11-15,199.33500289916992
2017-11-16,206.80499649047852
2017-11-17,208.8599967956543
2017-11-20,214.94499588012695
2017-11-21,223.2050018310547
2017-11-22,226.82500076293945
2017-11-24,228.23500442504883
2017-11-27,227.90499877929688
2017-11-28,230.6599998474121
2017-11-29,228.0900001525879
2017-11-30,227.43000411987305
2017-12-01,216.2750015258789
2017-12-04,225.7949981689453
2017-12-05,223.3599967956543
2017-12-06,220.99999618530273
2017-12-07,226.13000106811523
2017-12-08,235.18500518798828
2017-12-11,241.5800018310547
2017-12-12,245.49499893188477
2017-12-13,245.95000076293945
2017-12-14,245.9099998474121
2017-12-15,252.1599998474121
2017-12-18,258.5449981689453
2017-12-19,257.325008392334
2017-12-20,259.6800003051758
2017-12-21,259.00999450683594
2017-12-22,259.14500427246094
2017-12-26,257.7699966430664
2017-12-27,258.375
2017-12-28,259.5
2017-12-29,259.3050003051758
2018-01-02,261.5750045776367
2018-01-03,269.9700012207031
2018-01-04,272.7850036621094
2018-01-05,271.65999603271484
2018-01-08,274.0800018310547
2018-01-09,274.6000061035156
2018-01-10,271.50499725341797
2018-01-11,277.08499908447266
2018-01-12,276.91500091552734
2018-01-16,266.48500061035156
2018-01-17,263.72500228881836
2018-01-18,262.55999755859375
2018-01-19,264.5350036621094
2018-01-22,268.1750030517578
2018-01-23,267.55999755859375
2018-01-24,261.0299987792969
2018-01-25,257.4000015258789
2018-01-26,257.24999237060547
2018-01-29,245.32500076293945
2018-01-30,228.68500137329102
2018-01-31,235.07999801635742
2018-02-01,240.12999725341797
2018-02-02,222.39999771118164
2018-02-05,174.5800018310547
2018-02-06,23.669999599456787
2018-02-07,25.019999980926514
2018-02-08,21.865000247955322
2018-02-09,21.149999618530273
2018-02-12,22.364999771118164
2018-02-13,22.274999618530273
2018-02-14,23.985000133514404
2018-02-15,25.77500009536743
2018-02-16,25.505000114440918
2018-02-20,24.375
2018-02-21,24.69000005722046
2018-02-22,24.514999866485596
2018-02-23,25.635000228881836
2018-02-26,27.125
2018-02-27,25.880000591278076
2018-02-28,24.989999771118164
2018-03-01,24.044999599456787
2018-03-02,23.649999618530273
2018-03-05,24.429999828338623
2018-03-06,24.69499969482422
2018-03-07,24.5
2018-03-08,25.109999656677246
2018-03-09,25.984999656677246
2018-03-12,25.920000076293945
2018-03-13,25.744999408721924
2018-03-14,25.44000005722046
2018-03-15,25.44000005722046
2018-03-16,25.835000038146973
2018-03-19,24.94000005722046
2018-03-20,24.825000286102295
2018-03-21,25.209999561309814
2018-03-22,23.90999937057495
2018-03-23,23.294999599456787
2018-03-26,23.475000381469727
2018-03-27,23.214999675750732
2018-03-28,22.69000005722046
2018-03-29,23.125
2018-04-02,22.56999969482422
2018-04-03,22.610000133514404
2018-04-04,22.459999561309814
2018-04-05,23.244999885559082
2018-04-06,22.81500005722046
2018-04-09,22.770000457763672
2018-04-10,22.920000076293945
2018-04-11,22.789999961853027
2018-04-12,23.19000005722046
2018-04-13,23.664999961853027
2018-04-16,24.18499994277954
2018-04-17,24.860000133514404
2018-04-18,24.855000019073486
2018-04-19,24.735000133514404
2018-04-20,24.65499973297119
2018-04-23,24.605000019073486
2018-04-24,24.339999675750732
2018-04-25,23.800000190734863
2018-04-26,24.31500005722046
2018-04-27,24.59000015258789
2018-04-30,24.78499984741211
2018-05-01,24.6899995803833
2018-05-02,25.00499963760376
2018-05-03,24.52999973297119
2018-05-04,24.769999504089355
2018-05-07,25.15999984741211
2018-05-08,25.104999542236328
2018-05-09,25.509999752044678
2018-05-10,26.089999675750732
2018-05-11,26.380000114440918
2018-05-14,26.81999969482422
2018-05-15,26.174999237060547
2018-05-16,26.34000015258789
2018-05-17,26.630000114440918
2018-05-18,26.619999885559082
2018-05-21,27.09000015258789
2018-05-22,27.020000457763672
2018-05-23,26.760000228881836
2018-05-24,26.985000133514404
2018-05-25,27.044999599456787
2018-05-29,25.835000038146973
2018-05-30,25.884999752044678
2018-05-31,25.84999990463257
2018-06-01,26.425000190734863
2018-06-04,26.80999994277954
2018-06-05,26.985000133514404
2018-06-06,27.380000114440918
2018-06-07,27.420000076293945
2018-06-08,27.30500030517578
2018-06-11,27.585000038146973
2018-06-12,27.739999294281006
2018-06-13,27.74500036239624
2018-06-14,27.985000133514404
2018-06-15,27.75
2018-06-18,27.714999675750732
2018-06-19,27.21500015258789
2018-06-20,27.68000030517578
2018-06-21,27.110000133514404
2018-06-22,27.134999752044678
2018-06-25,25.750000476837158
2018-06-26,25.649999618530273
2018-06-27,25.425000190734863
2018-06-28,24.94000005722046
2018-06-29,25.605000495910645
2018-07-02,25.12999963760376
2018-07-03,25.554999828338623
2018-07-05,25.65000009536743
2018-07-06,26.139999866485596
2018-07-09,27.00499963760376
2018-07-10,27.294999599456787
2018-07-11,26.90500020980835
2018-07-12,27.28499984741211
2018-07-13,27.395000457763672
2018-07-16,27.59499979019165
2018-07-17,27.625
2018-07-18,27.894999980926514
2018-07-19,27.65999984741211
2018-07-20,27.549999713897705
2018-07-23,27.580000400543213
2018-07-24,27.84999990463257
2018-07-25,27.865000247955322
2018-07-26,27.920000076293945
2018-07-27,27.679999828338623
2018-07-30,27.339999675750732
2018-07-31,27.454999923706055
2018-08-01,27.664999961853027
2018-08-02,27.445000171661377
2018-08-03,27.919999599456787
2018-08-06,28.28000020980835
2018-08-07,28.759999752044678
2018-08-08,28.924999713897705
2018-08-09,28.96999979019165
2018-08-10,28.115000247955322
2018-08-13,27.71500015258789
2018-08-14,27.69499969482422
2018-08-15,26.925000190734863
2018-08-16,27.764999866485596
2018-08-17,27.9350004196167
2018-08-20,28.494999885559082
2018-08-21,28.40000009536743
2018-08-22,28.30500030517578
2018-08-23,28.44000005722046
2018-08-24,28.574999809265137
2018-08-27,28.604999542236328
2018-08-28,28.500000476837158
2018-08-29,28.47499942779541
2018-08-30,28.28499984741211
2018-08-31,28.19000005722046
2018-09-04,28.18499994277954
2018-09-05,28.0600004196167
2018-09-06,27.875
2018-09-07,27.47499990463257
2018-09-10,27.830000400543213
2018-09-11,27.994999885559082
2018-09-12,28.40999984741211
2018-09-13,28.84000015258789
2018-09-14,29.035000324249268
2018-09-17,28.97000026702881
2018-09-18,28.81374979019165
2018-09-19,29.268750190734863
2018-09-20,29.548750400543213
2018-09-21,29.547500133514404
2018-09-24,29.39875030517578
2018-09-25,29.512499809265137
2018-09-26,29.371249675750732
2018-09-27,29.421249866485596
2018-09-28,29.401249885559082
2018-10-01,29.736249923706055
2018-10-02,29.632500171661377
2018-10-03,29.749999523162842
2018-10-04,29.013750076293945
2018-10-05,28.617499828338623
2018-10-08,28.12624979019165
2018-10-09,28.148749828338623
2018-10-10,26.863749980926514
2018-10-11,25.213749885559082
2018-10-12,25.557499885559082
2018-10-15,25.49874973297119
2018-10-16,26.18499994277954
2018-10-17,26.22125005722046
2018-10-18,25.647500038146973
2018-10-19,25.491250038146973
2018-10-22,25.383749961853027
2018-10-23,24.60124969482422
2018-10-24,24.40250015258789
2018-10-25,24.12874984741211
2018-10-26,23.50624990463257
2018-10-29,23.644999980926514
2018-10-30,23.642500400543213
2018-10-31,24.235000133514404
2018-11-01,24.4350004196167
2018-11-02,24.666250228881836
2018-11-05,24.642499923706055
2018-11-06,24.910000324249268
2018-11-07,25.823750019073486
2018-11-08,26.15000009536743
2018-11-09,25.74125051498413
2018-11-12,25.18499994277954
2018-11-13,24.597500324249268
2018-11-14,24.46250009536743
2018-11-15,24.163750171661377
2018-11-16,24.548749923706055
2018-11-19,24.62624979019165
2018-11-20,23.477499961853027
2018-11-21,23.80625009536743
2018-11-23,23.664999961853027
2018-11-26,24.18125009536743
2018-11-27,24.417500019073486
2018-11-28,24.826250076293945
2018-11-29,24.669999599456787
2018-11-30,24.860000133514404
2018-12-03,25.863750457763672
2018-12-04,24.884999752044678
2018-12-06,23.307499885559082
2018-12-07,23.382500171661377
2018-12-10,22.881250381469727
2018-12-11,23.167500019073486
2018-12-12,23.322500228881836
2018-12-13,23.31624984741211
2018-12-14,23.021249771118164
2018-12-17,22.5287504196167
2018-12-18,22.31999969482422
2018-12-19,22.35124969482422
2018-12-20,21.851250171661377
2018-12-21,21.473750114440918
2018-12-24,20.87249994277954
2018-12-26,20.894999504089355
2018-12-27,20.56749963760376
2018-12-28,20.75624990463257
2018-12-31,21.078749656677246
2019-01-02,21.15000057220459
2019-01-03,21.06624984741211
2019-01-04,21.610000133514404
2019-01-07,21.980000495910645
2019-01-08,22.18875026702881
2019-01-09,22.47624969482422
2019-01-10,22.479999542236328
2019-01-11,22.767499446868896
2019-01-14,22.9037504196167
2019-01-15,23.2837495803833
2019-01-16,23.472500324249268
2019-01-17,23.356249809265137
2019-01-18,23.75624990463257
2019-01-22,23.106249809265137
2019-01-23,22.606249809265137
2019-01-24,22.86875057220459
2019-01-25,23.451249599456787
2019-01-28,22.993749618530273
2019-01-29,23.11750030517578
2019-01-30,23.392499446868896
2019-01-31,23.862500190734863
2019-02-01,24.171250343322754
2019-02-04,24.4375
2019-02-05,24.74874973297119
2019-02-06,24.78499984741211
2019-02-07,24.31125020980835
2019-02-08,24.268749713897705
2019-02-11,24.635000228881836
2019-02-12,24.891249656677246
2019-02-13,24.90499973297119
2019-02-14,24.637499809265137
2019-02-15,24.977499961853027
2019-02-19,24.988749980926514
2019-02-20,25.35249948501587
2019-02-21,25.453750133514404
2019-02-22,25.733749866485596
2019-02-25,25.93624973297119
2019-02-26,25.512499809265137
2019-02-27,25.385000228881836
2019-02-28,25.557499885559082
2019-03-01,25.915000438690186
2019-03-04,25.88124990463257
2019-03-05,25.723750591278076
2019-03-06,25.49375009536743
2019-03-07,24.960000038146973
2019-03-08,24.573750019073486
2019-03-11,25.37000036239624
2019-03-12,25.93250036239624
2019-03-13,26.18125057220459
2019-03-14,26.30500030517578
2019-03-15,26.598750114440918
2019-03-18,26.56124973297119
2019-03-19,26.62624979019165
2019-03-20,26.478749752044678
2019-03-21,26.40750026702881
2019-03-22,25.647500038146973
2019-03-25,25.00125026702881
2019-03-26,25.583750247955322
2019-03-27,25.508749961853027
2019-03-28,25.645000457763672
2019-03-29,26.082499980926514
2019-04-01,26.34499979019165
2019-04-02,26.40000009536743
2019-04-03,26.46500015258789
2019-04-04,26.428750038146973
2019-04-05,26.68125009536743
2019-04-08,26.75124979019165
2019-04-09,26.482499599456787
2019-04-10,26.557499885559082
2019-04-11,26.91374969482422
2019-04-12,27.420000076293945
2019-04-15,27.635000228881836
2019-04-16,27.853749752044678
2019-04-17,27.860000133514404
2019-04-18,27.822500228881836
2019-04-22,27.93624973297119
2019-04-23,28.204999923706055
2019-04-24,28.037500381469727
2019-04-25,27.583749771118164
2019-04-26,27.84000015258789
2019-04-29,27.929999828338623
2019-04-30,27.77375030517578
2019-05-01,27.662500381469727
2019-05-02,27.235000133514404
2019-05-03,27.798749923706055
2019-05-06,26.826250076293945
2019-05-07,25.573750019073486
2019-05-08,25.260000228881836
2019-05-09,24.856249809265137
2019-05-10,25.671249866485596
2019-05-13,24.586249828338623
2019-05-14,24.90999984741211
2019-05-15,25.072499752044678
2019-05-16,25.87125015258789
2019-05-17,25.808749675750732
2019-05-20,25.62874937057495
2019-05-21,26.237500190734863
2019-05-22,26.4037504196167
2019-05-23,25.72125005722046
2019-05-24,25.90000009536743
2019-05-28,25.75874948501587
2019-05-29,25.19124984741211
2019-05-30,25.442500114440918
2019-05-31,24.920000076293945
2019-06-03,24.877500534057617
2019-06-04,25.316250324249268
2019-06-05,25.668749809265137
2019-06-06,25.94374990463257
2019-06-07,26.03249979019165
2019-06-10,26.067500114440918
2019-06-11,26.12874984741211
2019-06-12,26.00749969482422
2019-06-13,26.18624973297119
2019-06-14,26.163750171661377
2019-06-17,26.388750076293945
2019-06-18,26.610000133514404
2019-06-19,26.78749990463257
2019-06-20,26.99749994277954
2019-06-21,26.749999523162842
2019-06-24,26.755000114440918
2019-06-25,26.56125020980835
2019-06-26,26.56374979019165
2019-06-27,26.664999961853027
2019-06-28,26.892499446868896
2019-07-01,27.641250133514404
2019-07-02,27.929999828338623
2019-07-03,28.211249828338623
2019-07-05,28.010000228881836
2019-07-08,27.864999771118164
2019-07-09,27.63124990463257
2019-07-10,28.108749866485596
2019-07-11,28.40499973297119
2019-07-12,28.607500553131104
2019-07-15,28.731249809265137
2019-07-16,28.77750015258789
2019-07-17,28.609999656677246
2019-07-18,28.406249523162842
2019-07-19,28.5287504196167
2019-07-22,28.437500476837158
2019-07-23,28.899999618530273
2019-07-24,29.21250009536743
2019-07-25,29.106250286102295
2019-07-26,29.356249809265137
2019-07-29,29.298750400543213
2019-07-30,28.954999923706055
2019-07-31,28.44249963760376
2019-08-01,27.582499980926514
2019-08-02,26.824999809265137
2019-08-05,25.411250114440918
2019-08-06,25.301249980926514
2019-08-07,25.105000019073486
2019-08-08,26.048749923706055
2019-08-09,25.933749675750732
2019-08-12,25.27999973297119
2019-08-13,25.233750343322754
2019-08-14,24.481249809265137
2019-08-15,24.24625015258789
2019-08-16,24.78874969482422
2019-08-19,25.74500036239624
2019-08-20,25.731250286102295
2019-08-21,26.19000005722046
2019-08-22,26.097500324249268
2019-08-23,25.082499980926514
2019-08-26,24.84375
2019-08-27,24.727500438690186
2019-08-28,24.509999752044678
2019-08-29,25.27874994277954
2019-08-30,25.371249675750732
2019-09-03,24.793749809265137
2019-09-04,25.301249504089355
2019-09-05,25.941250324249268
2019-09-06,26.266249656677246
2019-09-09,26.460000038146973
2019-09-10,26.367499828338623
2019-09-11,26.641250133514404
2019-09-12,27.021250247955322
2019-09-13,27.258750438690186
2019-09-16,27.072500228881836
2019-09-17,27.041249752044678
2019-09-18,27.331249713897705
2019-09-19,27.821249961853027
2019-09-20,27.49375009536743
2019-09-23,27.14875030517578
2019-09-24,27.020000457763672
2019-09-25,26.583749771118164
2019-09-26,26.718750476837158
2019-09-27,26.546250343322754
2019-09-30,26.639999866485596
2019-10-01,26.603750228881836
2019-10-02,25.451250553131104
2019-10-03,25.392499923706055
2019-10-04,26.106249809265137
2019-10-07,26.272500038146973
2019-10-08,25.536250114440918
2019-10-09,25.612500190734863
2019-10-10,25.885000228881836
2019-10-11,26.75
2019-10-14,27.089999675750732
2019-10-15,27.663750171661377
2019-10-16,27.75124979019165
2019-10-17,27.97749948501587
2019-10-18,27.87999963760376
2019-10-21,28.199999809265137
2019-10-22,28.267499923706055
2019-10-23,28.13124990463257
2019-10-24,28.367499351501465
2019-10-25,28.647500038146973
2019-10-28,28.882500171661377
2019-10-29,28.722500324249268
2019-10-30,28.891249656677246
2019-10-31,28.88749933242798
2019-11-01,29.473750114440918
2019-11-04,29.661250114440918
2019-11-05,29.363749980926514
2019-11-06,29.240000247955322
2019-11-07,29.50374937057495
2019-11-08,29.53249979019165
2019-11-11,29.64625072479248
2019-11-12,29.959999561309814
2019-11-13,29.87750005722046
2019-11-14,29.947500228881836
2019-11-15,30.55999994277954
2019-11-18,30.77625036239624
2019-11-19,30.75125026702881
2019-11-20,30.442500591278076
2019-11-21,30.44374990463257
2019-11-22,30.74874973297119
2019-11-25,31.44124984741211
2019-11-26,31.730000495910645
2019-11-27,31.892499923706055
2019-11-29,31.632500171661377
2019-12-02,31.103750228881836
2019-12-03,29.55375051498413
2019-12-04,30.391250133514404
2019-12-05,30.593750476837158
2019-12-06,31.231250286102295
2019-12-09,30.807499885559082
2019-12-10,30.394999980926514
2019-12-11,30.627500534057617
2019-12-12,31.176249980926514
2019-12-13,31.859999656677246
2019-12-16,32.77250003814697
2019-12-17,32.7524995803833
2019-12-18,32.7762508392334
2019-12-19,32.81624889373779
2019-12-20,32.90999984741211
2019-12-23,32.7787504196167
2019-12-24,32.852500915527344
2019-12-26,32.99000072479248
2019-12-27,32.736249923706055
2019-12-30,32.15875053405762
2019-12-31,32.20625066757202
2020-01-02,33.11875057220459
2020-01-03,32.28375053405762
2020-01-06,32.26875019073486
2020-01-07,32.63125038146973
2020-01-08,33.03125
2020-01-09,33.49250030517578
2020-01-10,33.70624923706055
2020-01-13,33.971248626708984
2020-01-14,34.19000053405762
2020-01-15,34.31375026702881
2020-01-16,34.63999938964844
2020-01-17,34.61874961853027
2020-01-21,34.57374954223633
2020-01-22,34.51249980926514
2020-01-23,34.23750114440918
2020-01-24,34.02499961853027
2020-01-27,31.97249984741211
2020-01-28,32.36750030517578
2020-01-29,32.74375057220459
2020-01-30,32.34375047683716
2020-01-31,31.59499979019165
2020-02-03,31.581249713897705
2020-02-04,32.41749954223633
2020-02-05,32.94750118255615
2020-02-06,33.19499969482422
2020-02-07,32.882500648498535
2020-02-10,33.016249656677246
2020-02-11,33.36375045776367
2020-02-12,33.77125072479248
2020-02-13,33.603750228881836
2020-02-14,33.82499980926514
2020-02-18,33.573750495910645
2020-02-19,33.86125087738037
2020-02-20,33.38125038146973
2020-02-21,32.37499952316284
2020-02-24,29.643749713897705
2020-02-25,28.726250171661377
2020-02-26,28.242499828338623
2020-02-27,26.547500133514404
2020-02-28,24.86750030517578
2020-03-02,25.62624979019165
2020-03-03,25.21500015258789
2020-03-04,24.981250286102295
2020-03-05,23.551250457763672
2020-03-06,21.437499523162842
2020-03-09,18.696249961853027
2020-03-10,20.086249828338623
2020-03-11,19.057499885559082
2020-03-12,17.078749656677246
2020-03-13,17.375
2020-03-16,14.732500076293945
2020-03-17,14.487499952316284
2020-03-18,13.178750276565552
2020-03-19,13.378750085830688
2020-03-20,14.208750247955322
2020-03-23,14.770000219345093
2020-03-24,16.113749980926514
2020-03-25,15.19374966621399
2020-03-26,15.46750020980835
2020-03-27,14.979999780654907
2020-03-30,14.966249942779541
2020-03-31,15.315000057220459
2020-04-01,14.975000143051147
2020-04-02,15.06124997138977
2020-04-03,15.407500267028809
2020-04-06,16.09999990463257
2020-04-07,16.104999780654907
2020-04-08,15.96500039100647
2020-04-09,16.09624934196472
2020-04-13,16.236249923706055
2020-04-14,16.93499994277954
2020-04-15,16.331250190734863
2020-04-16,16.18000030517578
2020-04-17,16.50125026702881
2020-04-20,15.951250076293945
2020-04-21,15.033750057220459
2020-04-22,15.357500076293945
2020-04-23,15.486249923706055
2020-04-24,15.711250066757202
2020-04-27,16.317500114440918
2020-04-28,16.517499923706055
2020-04-29,16.856249809265137
2020-04-30,16.521250247955322
2020-05-01,15.828749895095825
2020-05-04,15.743750095367432
2020-05-05,16.329999446868896
2020-05-06,16.31125020980835
2020-05-07,16.49749994277954
2020-05-08,16.917500019073486
2020-05-11,17.264999866485596
2020-05-12,17.355000019073486
2020-05-13,16.178749799728394
2020-05-14,15.81125020980835
2020-05-15,16.146249771118164
2020-05-18,16.991250038146973
2020-05-19,16.781250476837158
2020-05-20,16.947499752044678
2020-05-21,16.928750038146973
2020-05-22,16.802499771118164
2020-05-26,17.134999752044678
2020-05-27,17.072499752044678
2020-05-28,16.97125005722046
2020-05-29,16.93624973297119
2020-06-01,17.008750438690186
2020-06-02,17.198750019073486
2020-06-03,17.59749984741211
2020-06-04,17.75124979019165
2020-06-05,18.25749969482422
2020-06-08,18.135000228881836
2020-06-09,17.676249504089355
2020-06-10,17.609999656677246
2020-06-11,15.701250076293945
2020-06-12,14.725000143051147
2020-06-15,14.598750114440918
2020-06-16,15.331250190734863
2020-06-17,15.237500190734863
2020-06-18,15.227499961853027
2020-06-19,15.358749866485596
2020-06-22,15.366250276565552
2020-06-23,15.803750038146973
2020-06-24,15.262500047683716
2020-06-25,15.232499837875366
2020-06-26,15.216249942779541
2020-06-29,15.177499771118164
2020-06-30,15.522500038146973
2020-07-01,15.902499675750732
2020-07-02,16.223750114440918
2020-07-06,16.218749523162842
2020-07-07,15.982500314712524
2020-07-08,15.93375015258789
2020-07-09,15.885000467300415
2020-07-10,15.93375015258789
2020-07-13,15.766249656677246
2020-07-14,15.52875018119812
2020-07-15,15.938750267028809
2020-07-16,15.989999771118164
2020-07-17,16.303749561309814
2020-07-20,16.69000005722046
2020-07-21,16.853749752044678
2020-07-22,16.713749885559082
2020-07-23,16.68125009536743
2020-07-24,16.353749752044678
2020-07-27,16.646250247955322
2020-07-28,16.799999713897705
2020-07-29,16.89750051498413
2020-07-30,16.557499885559082
2020-07-31,16.863749980926514
2020-08-03,16.982500076293945
2020-08-04,17.108749866485596
2020-08-05,17.352499961853027
2020-08-06,17.420000076293945
2020-08-07,17.478749752044678
2020-08-10,17.713749885559082
2020-08-11,17.698749542236328
2020-08-12,17.80875015258789
2020-08-13,17.875000476837158
2020-08-14,17.826249599456787
2020-08-17,18.121249675750732
2020-08-18,18.230000019073486
2020-08-19,18.21624994277954
2020-08-20,17.96875
2020-08-21,18.09375
2020-08-24,18.27250051498413
2020-08-25,18.138750076293945
2020-08-26,18.202499866485596
2020-08-27,17.768749713897705
2020-08-28,17.65250015258789
2020-08-31,17.478749752044678
2020-09-01,17.27999973297119
2020-09-02,17.09749984741211
2020-09-03,16.363749742507935
2020-09-04,16.111249923706055
2020-09-08,16.287500143051147
2020-09-09,17.06124973297119
2020-09-10,17.108750343322754
2020-09-11,17.380000114440918
2020-09-14,17.71750020980835
2020-09-15,17.75124979019165
2020-09-16,17.838749885559082
2020-09-17,17.72749948501587
2020-09-18,18.00250005722046
2020-09-21,17.53000020980835
2020-09-22,17.58625030517578
2020-09-23,17.4037504196167
2020-09-24,17.244999408721924
2020-09-25,17.412500381469727
2020-09-28,17.570000171661377
2020-09-29,17.676249980926514
2020-09-30,17.80625009536743
2020-10-01,17.72749948501587
2020-10-02,17.37249994277954
2020-10-05,17.58875036239624
2020-10-06,17.691250324249268
2020-10-07,17.80999994277954
2020-10-08,18.078750133514404
2020-10-09,18.59124994277954
2020-10-12,18.825000286102295
2020-10-13,18.71749973297119
2020-10-14,18.826249599456787
2020-10-15,18.55999994277954
2020-10-16,18.761250019073486
2020-10-19,18.483749389648438
2020-10-20,18.308749675750732
2020-10-21,18.392499923706055
2020-10-22,18.602499961853027
2020-10-23,18.666250228881836
2020-10-26,18.109999656677246
2020-10-27,17.833749771118164
2020-10-28,16.858749866485596
2020-10-29,16.949999809265137
2020-10-30,16.920000553131104
2020-11-02,17.132500171661377
2020-11-03,17.43125009536743
2020-11-04,18.09124994277954
2020-11-05,18.500000476837158
2020-11-06,18.796250343322754
2020-11-09,19.58750009536743
2020-11-10,19.453750133514404
2020-11-11,19.766250133514404
2020-11-12,19.331250190734863
2020-11-13,19.585000038146973
2020-11-16,19.833749771118164
2020-11-17,19.891250133514404
2020-11-18,19.96875
2020-11-19,19.84999990463257
2020-11-20,19.94124984741211
2020-11-23,20.018750190734863
2020-11-24,20.18000030517578
2020-11-25,20.352499961853027
2020-11-27,20.577500343322754
2020-11-30,20.477499961853027
2020-12-01,20.68625020980835
2020-12-02,20.660000324249268
2020-12-03,20.630000114440918
2020-12-04,20.708749771118164
2020-12-07,20.62750005722046
2020-12-08,20.795000076293945
2020-12-09,20.878750324249268
2020-12-10,20.58750009536743
2020-12-11,20.18375015258789
2020-12-14,20.216249465942383
2020-12-15,20.21875
2020-12-16,20.53249979019165
2020-12-17,20.77500009536743
2020-12-18,20.62874984741211
2020-12-21,19.668750286102295
2020-12-22,19.941250324249268
2020-12-23,20.34375
2020-12-24,20.646249771118164
2020-12-28,20.817500114440918
2020-12-29,20.56125020980835
2020-12-30,20.55625009536743
2020-12-31,20.728749752044678
2021-01-04,20.18875026702881
2021-01-05,19.87750005722046
2021-01-06,20.285000324249268
2021-01-07,20.711249828338623
2021-01-08,20.81374979019165
2021-01-11,20.458749771118164
2021-01-12,20.484999656677246
2021-01-13,20.696250438690186
2021-01-14,20.766250133514404
2021-01-15,20.40374994277954
2021-01-19,20.611249923706055
2021-01-20,20.792500019073486
2021-01-21,20.84250020980835
2021-01-22,20.74500036239624
2021-01-25,20.422500133514404
2021-01-26,20.518749713897705
2021-01-27,19.110000133514404
2021-01-28,18.65125036239624
2021-01-29,18.21999979019165
2021-02-01,18.357500076293945
2021-02-02,19.138749599456787
2021-02-03,19.611249446868896
2021-02-04,20.104999542236328
2021-02-05,20.193750381469727
2021-02-08,20.266250610351562
2021-02-09,20.234999656677246
2021-02-10,20.125000476837158
2021-02-11,20.19000005722046
2021-02-12,20.472500324249268
2021-02-16,20.59124994277954
2021-02-17,20.53874969482422
2021-02-18,20.576249599456787
2021-02-19,20.997499465942383
2021-02-22,20.758749961853027
2021-02-23,20.69374990463257
2021-02-24,21.102499961853027
2021-02-25,20.451250076293945
2021-02-26,20.05375051498413
2021-03-01,20.90500020980835
2021-03-02,20.916249752044678
2021-03-03,20.678750038146973
2021-03-04,20.19000005722046
2021-03-05,20.34625005722046
2021-03-08,20.64875030517578
2021-03-09,20.863749980926514
2021-03-10,21.09249973297119
2021-03-11,21.265000343322754
2021-03-12,21.241249561309814
2021-03-15,21.80625057220459
2021-03-16,22.21624994277954
2021-03-17,22.258749961853027
2021-03-18,22.138749599456787
2021-03-19,22.089999675750732
2021-03-22,22.808749675750732
2021-03-23,22.734999656677246
2021-03-24,22.668749809265137
2021-03-25,22.458750247955322
2021-03-26,23.088749885559082
2021-03-29,22.90875005722046
2021-03-30,23.176249980926514
2021-03-31,23.551249504089355
2021-04-01,23.864999771118164
2021-04-05,24.225000381469727
2021-04-06,24.244999885559082
2021-04-07,24.37625026702881
2021-04-08,24.71749973297119
2021-04-09,24.702500343322754
2021-04-12,24.74874973297119
2021-04-13,24.953749656677246
2021-04-14,24.881250381469727
2021-04-15,25.082499980926514
2021-04-16,25.233749866485596
2021-04-19,24.96624994277954
2021-04-20,24.55625009536743
2021-04-21,24.865000247955322
2021-04-22,24.820000171661377
2021-04-23,24.81999969482422
2021-04-26,25.019999980926514
2021-04-27,25.166249752044678
2021-04-28,25.302500247955322
2021-04-29,25.383750438690186
2021-04-30,25.039999961853027
2021-05-03,25.269999980926514
2021-05-04,24.77999973297119
2021-05-05,25.115000247955322
2021-05-06,25.077499866485596
2021-05-07,25.62375020980835
2021-05-10,25.75125026702881
2021-05-11,24.56874990463257
2021-05-12,23.026249408721924
2021-05-13,23.198750019073486
2021-05-14,24.391250610351562
2021-05-17,24.357500076293945
2021-05-18,24.391249656677246
2021-05-19,23.266250133514404
2021-05-20,24.06500005722046
2021-05-21,24.442500114440918
2021-05-24,24.826249599456787
2021-05-25,24.93375015258789
2021-05-26,25.339999675750732
2021-05-27,25.946249961853027
2021-05-28,26.112499713897705
2021-06-01,25.94374942779541
2021-06-02,25.88124990463257
2021-06-03,25.62750005722046
2021-06-04,26.258750438690186
2021-06-07,26.480000019073486
2021-06-08,26.513750076293945
2021-06-09,26.422500133514404
2021-06-10,26.80999994277954
2021-06-11,27.362500190734863
2021-06-14,27.291250228881836
2021-06-15,27.022499561309814
2021-06-16,26.94000005722046
2021-06-17,26.94124937057495
2021-06-18,26.074999809265137
2021-06-21,26.331249713897705
2021-06-22,26.812499523162842
2021-06-23,27.44374942779541
2021-06-24,27.771250247955322
2021-06-25,27.84749937057495
2021-06-28,27.952500343322754
2021-06-29,27.858749866485596
2021-06-30,27.679999828338623
2021-07-01,27.958750247955322
2021-07-02,28.207499980926514
2021-07-06,27.853749752044678
2021-07-07,27.679999828338623
2021-07-08,26.640000343322754
2021-07-09,27.44624948501587
2021-07-12,27.761250019073486
2021-07-13,27.767499923706055
2021-07-14,27.838749885559082
2021-07-15,27.631250381469727
2021-07-16,27.59749984741211
2021-07-19,25.578750133514404
2021-07-20,25.74125051498413
2021-07-21,26.791250228881836
2021-07-22,26.889999866485596
2021-07-23,26.977499961853027
2021-07-26,26.854999542236328
2021-07-27,26.552500247955322
2021-07-28,26.84124994277954
2021-07-29,27.18499994277954
2021-07-30,26.886249542236328
2021-08-02,26.701249599456787
2021-08-03,26.707499980926514
2021-08-04,26.929999828338623
2021-08-05,27.267499923706055
2021-08-06,27.59625005722046
2021-08-09,27.797500133514404
2021-08-10,28.03499984741211
2021-08-11,28.30999994277954
2021-08-12,28.579999923706055
2021-08-13,28.832499504089355
2021-08-16,28.445000171661377
2021-08-17,28.09249973297119
2021-08-18,27.665000438690186
2021-08-19,26.761250019073486
2021-08-20,27.406250476837158
2021-08-23,28.287500381469727
2021-08-24,28.321249961853027
2021-08-25,28.496249675750732
2021-08-26,28.196250438690186
2021-08-27,28.50499963760376
2021-08-30,28.852500438690186
2021-08-31,28.833749771118164
2021-09-01,29.156249523162842
2021-09-02,29.317500114440918
2021-09-03,29.15500020980835
2021-09-07,28.94249963760376
2021-09-08,28.703750133514404
2021-09-09,28.759999752044678
2021-09-10,28.545000076293945
2021-09-13,28.422499656677246
2021-09-14,28.489999771118164
2021-09-15,28.675000190734863
2021-09-16,28.856250286102295
2021-09-17,28.512500286102295
2021-09-20,26.456250190734863
2021-09-21,26.831249713897705
2021-09-22,27.591249465942383
2021-09-23,28.427500247955322
2021-09-24,28.677500247955322
2021-09-27,28.96125078201294
2021-09-28,27.796249866485596
2021-09-29,27.352500438690186
2021-09-30,27.388750076293945
2021-10-01,27.542500019073486
2021-10-04,27.387500286102295
2021-10-05,27.637500286102295
2021-10-06,27.578750133514404
2021-10-07,28.362500190734863
2021-10-08,28.696250438690186
2021-10-11,28.710000038146973
2021-10-12,28.773749828338623
2021-10-13,28.94624948501587
2021-10-14,29.72000026702881
2021-10-15,30.018750190734863
2021-10-18,29.9399995803833
2021-10-19,30.291250228881836
2021-10-20,30.395000457763672
2021-10-21,30.64875030517578
2021-10-22,30.71624994277954
2021-10-25,30.85374927520752
2021-10-26,30.931249618530273
2021-10-27,30.692500114440918
2021-10-28,30.78125
2021-10-29,30.651249885559082
2021-11-01,30.84999990463257
2021-11-02,31.227500438690186
2021-11-03,31.661250114440918
2021-11-04,31.890000343322754
2021-11-05,31.517499923706055
2021-11-08,31.19124984741211
2021-11-09,30.84250020980835
2021-11-10,30.615000247955322
2021-11-11,30.93375015258789
2021-11-12,31.285000324249268
2021-11-15,31.53499984741211
2021-11-16,31.62249994277954
2021-11-17,31.482500076293945
2021-11-18,31.301250457763672
2021-11-19,31.06375026702881
2021-11-22,31.012500286102295
2021-11-23,30.828749656677246
2021-11-24,30.922500133514404
2021-11-26,28.296249866485596
2021-11-29,28.90250015258789
2021-11-30,27.619999408721924
2021-12-01,27.021249771118164
2021-12-02,26.53250026702881
2021-12-03,25.926249980926514
2021-12-06,26.168749809265137
2021-12-07,27.693750381469727
2021-12-08,28.42875051498413
2021-12-09,28.58750009536743
2021-12-10,29.073750019073486
2021-12-13,28.9087495803833
2021-12-14,28.28000020980835
2021-12-15,28.802499771118164
2021-12-16,29.18624973297119
2021-12-17,28.37249994277954
2021-12-20,27.348750591278076
2021-12-21,28.362500190734863
2021-12-22,28.96250009536743
2021-12-23,29.538750171661377
2021-12-27,29.71750020980835
2021-12-28,30.066250324249268
2021-12-29,30.427499771118164
2021-12-30,30.700000286102295
2021-12-31,30.705000400543213
2022-01-03,31.057499885559082
2022-01-04,31.241250038146973
2022-01-05,30.71500015258789
2022-01-06,30.044999599456787
2022-01-07,30.133750438690186
2022-01-10,30.053750038146973
2022-01-11,30.78874969482422
2022-01-12,31.40625
2022-01-13,30.946249961853027
2022-01-14,30.272500038146973
2022-01-18,29.69499969482422
2022-01-19,29.401249885559082
2022-01-20,29.06500005722046
2022-01-21,27.74749994277954
2022-01-24,26.08500051498413
2022-01-25,26.291250228881836
2022-01-26,26.97249984741211
2022-01-27,26.75125026702881
2022-01-28,26.80999994277954
2022-01-31,27.571249961853027
2022-02-01,28.691250324249268
2022-02-02,29.297500133514404
2022-02-03,28.166250228881836
2022-02-04,27.97249984741211
2022-02-07,28.53749990463257
2022-02-08,28.87625026702881
2022-02-09,29.619999885559082
2022-02-10,28.72499990463257
2022-02-11,27.30750036239624
2022-02-14,26.232500076293945
2022-02-15,27.34124994277954
2022-02-16,27.606249809265137
2022-02-17,26.792499542236328
2022-02-18,26.121249675750732
2022-02-22,25.977499961853027
2022-02-23,25.933749675750732
2022-02-24,24.891249656677246
2022-02-25,26.06874990463257
2022-02-28,25.514999866485596
2022-03-01,24.807499885559082
2022-03-02,24.795000076293945
2022-03-03,25.03499984741211
2022-03-04,24.259999752044678
2022-03-07,23.90250015258789
2022-03-08,23.50624942779541
2022-03-09,24.049999713897705
2022-03-10,24.128750324249268
2022-03-11,24.541249752044678
2022-03-14,24.06125020980835
2022-03-15,24.164999961853027
2022-03-16,25.03874969482422
2022-03-17,25.567500114440918
2022-03-18,25.882500171661377
2022-03-21,26.34999942779541
2022-03-22,26.636250019073486
2022-03-23,26.47499990463257
2022-03-24,26.816250324249268
2022-03-25,27.13124990463257
2022-03-28,27.255000114440918
2022-03-29,28.080000400543213
2022-03-30,27.99749994277954
2022-03-31,27.61500072479248
2022-04-01,27.625
2022-04-04,28.204999446868896
2022-04-05,27.853750228881836
2022-04-06,26.816250324249268
2022-04-07,27.12000036239624
2022-04-08,27.3725004196167
2022-04-11,26.902499675750732
2022-04-12,26.77999973297119
2022-04-13,26.93874979019165
2022-04-14,27.380000114440918
2022-04-18,27.12624979019165
2022-04-19,27.617499828338623
2022-04-20,28.166250228881836
2022-04-21,27.793749809265137
2022-04-22,26.339999675750732
2022-04-25,25.43125057220459
2022-04-26,24.978750228881836
2022-04-27,24.417500495910645
2022-04-28,24.852499961853027
2022-04-29,24.31124973297119
2022-05-02,23.776249885559082
2022-05-03,24.44624948501587
2022-05-04,25.351250171661377
2022-05-05,24.490000247955322
2022-05-06,23.393750190734863
2022-05-09,22.96500015258789
2022-05-10,23.118749618530273
2022-05-11,23.234999656677246
2022-05-12,23.170000553131104
2022-05-13,23.972500324249268
2022-05-16,24.43125009536743
2022-05-17,24.963749885559082
2022-05-18,23.923750400543213
2022-05-19,23.40750026702881
2022-05-20,23.84124994277954
2022-05-23,23.983750343322754
2022-05-24,23.802500247955322
2022-05-25,24.008749961853027
2022-05-26,24.351250171661377
2022-05-27,24.692500591278076
2022-05-31,24.727499961853027
2022-06-01,24.99500036239624
2022-06-02,25.237499713897705
2022-06-03,25.148749828338623
2022-06-06,25.389999866485596
2022-06-07,25.386250019073486
2022-06-08,25.634999752044678
2022-06-09,25.351250171661377
2022-06-10,24.432499885559082
2022-06-13,23.011250019073486
2022-06-14,22.90750026702881
2022-06-15,23.58750009536743
2022-06-16,22.96500015258789
2022-06-17,23.133749961853027
2022-06-21,23.670000076293945
2022-06-22,23.648749828338623
2022-06-23,23.952499866485596
2022-06-24,24.244999885559082
2022-06-27,24.422500133514404
2022-06-28,24.478749752044678
2022-06-29,24.15625
2022-06-30,23.957499980926514
2022-07-01,24.138750076293945
2022-07-05,24.113749980926514
2022-07-06,24.451250076293945
2022-07-07,24.74375009536743
2022-07-08,24.880000114440918
2022-07-11,24.707499980926514
2022-07-12,24.601250171661377
2022-07-13,24.47749948501587
2022-07-14,24.459999561309814
2022-07-15,25.110000133514404
2022-07-18,25.151249885559082
2022-07-19,25.19374990463257
2022-07-20,25.30999994277954
2022-07-21,25.52750015258789
2022-07-22,25.701250553131104
2022-07-25,25.8774995803833
2022-07-26,25.66249990463257
2022-07-27,26.049999713897705
2022-07-28,26.40499973297119
2022-07-29,26.789999961853027
2022-08-01,26.530000686645508
2022-08-02,26.260000228881836
2022-08-03,26.700000286102295
2022-08-04,26.765000343322754
2022-08-05,26.880000114440918
2022-08-08,27.168750286102295
2022-08-09,26.984999656677246
2022-08-10,27.632500171661377
2022-08-11,27.71250009536743
2022-08-12,27.87750005722046
2022-08-15,27.87750005722046
2022-08-16,27.982499599456787
2022-08-17,27.917500019073486
2022-08-18,28.09375
2022-08-19,27.676249980926514
2022-08-22,26.796249866485596
2022-08-23,26.797500133514404
2022-08-24,27.124999523162842
2022-08-25,27.56125020980835
2022-08-26,27.03000020980835
2022-08-29,26.34375
2022-08-30,26.352499961853027
2022-08-31,26.507500171661377
2022-09-01,26.369999885559082
2022-09-02,26.776249885559082
2022-09-06,26.486249923706055
2022-09-07,26.547500133514404
2022-09-08,26.896250247955322
2022-09-09,27.353749752044678
2022-09-12,27.411250591278076
2022-09-13,26.427500247955322
2022-09-14,26.133750438690186
2022-09-15,26.213749885559082
2022-09-16,25.96999979019165
2022-09-19,26.298749923706055
2022-09-20,26.22249984741211
2022-09-21,26.110000610351562
2022-09-22,25.801250457763672
2022-09-23,25.115000247955322
2022-09-26,24.764999866485596
2022-09-27,24.58875036239624
2022-09-28,24.676249980926514
2022-09-29,24.422500133514404
2022-09-30,24.477500438690186
2022-10-03,24.75250005722046
2022-10-04,25.263749599456787
2022-10-05,25.086249828338623
2022-10-06,25.046249866485596
2022-10-07,24.472500324249268
2022-10-10,24.06374979019165
2022-10-11,23.917500019073486
2022-10-12,23.932499885559082
2022-10-13,24.050000190734863
2022-10-14,24.236249923706055
2022-10-17,24.40000009536743
2022-10-18,24.512499809265137
2022-10-19,24.476250171661377
2022-10-20,24.635000228881836
2022-10-21,24.741250038146973
2022-10-24,24.781249523162842
2022-10-25,25.12375020980835
2022-10-26,25.481250286102295
2022-10-27,25.833749771118164
2022-10-28,26.104999542236328
2022-10-31,26.295000076293945
2022-11-01,26.59874963760376
2022-11-02,26.389999866485596
2022-11-03,26.261250019073486
2022-11-04,26.71875
2022-11-07,26.796250343322754
2022-11-08,26.65374994277954
2022-11-09,26.197500228881836
2022-11-10,26.796250343322754
2022-11-11,26.741250038146973
2022-11-14,26.97499942779541
2022-11-15,26.896250247955322
2022-11-16,26.983750343322754
2022-11-17,26.986249923706055
2022-11-18,27.301249980926514
2022-11-21,27.52750015258789
2022-11-22,28.03749942779541
2022-11-23,28.352499961853027
2022-11-25,28.42875051498413
2022-11-28,28.06125020980835
2022-11-29,28.052499771118164
2022-11-30,28.37249994277954
2022-12-01,28.75250005722046
2022-12-02,28.912500381469727
2022-12-05,28.952499866485596
2022-12-06,28.78375005722046
2022-12-07,28.37625026702881
2022-12-08,28.44124937057495
2022-12-09,28.41124963760376
2022-12-12,28.334999561309814
2022-12-13,28.94374990463257
2022-12-14,29.207499980926514
2022-12-15,28.78249979019165
2022-12-16,28.355000019073486
2022-12-19,28.75125026702881
2022-12-20,28.84999990463257
2022-12-21,29.389999866485596
2022-12-22,28.87249994277954
2022-12-23,28.90374994277954
2022-12-27,29.040000438690186
2022-12-28,29.231249809265137
2022-12-29,29.363749980926514
2022-12-30,29.207499504089355
2023-01-03,29.363749980926514
2023-01-04,29.714999675750732
2023-01-05,29.716249465942383
2023-01-06,30.107500076293945
2023-01-09,30.124999523162842
2023-01-10,30.355000495910645
2023-01-11,30.676250457763672
2023-01-12,31.100000381469727
2023-01-13,31.558749675750732
2023-01-17,31.582500457763672
2023-01-18,31.458749771118164
2023-01-19,30.851250171661377
2023-01-20,31.298749923706055
2023-01-23,31.644999504089355
2023-01-24,31.961249828338623
2023-01-25,31.940000534057617
2023-01-26,32.44250011444092
2023-01-27,32.72000026702881
2023-01-30,32.32499980926514
2023-01-31,32.53125
2023-02-01,32.94124984741211
2023-02-02,33.14750003814697
2023-02-03,32.536251068115234
2023-02-06,32.43249988555908
2023-02-07,32.55000019073486
2023-02-08,32.39875030517578
2023-02-09,32.1112494468689
2023-02-10,31.393750190734863
2023-02-13,31.918750286102295
2023-02-14,32.50749969482422
2023-02-15,32.822500228881836
2023-02-16,32.43000030517578
2023-02-17,31.885000705718994
2023-02-21,31.15000009536743
2023-02-22,31.078750133514404
2023-02-23,31.675000190734863
2023-02-24,31.22125005722046
2023-02-27,31.81125020980835
2023-02-28,32.114999294281006
2023-03-01,32.062499046325684
2023-03-02,32.21000003814697
2023-03-03,32.98750019073486
2023-03-06,33.3487491607666
2023-03-07,33.24874973297119
2023-03-08,33.16624927520752
2023-03-09,32.55375099182129
2023-03-10,30.196250438690186
2023-03-13,28.84124994277954
2023-03-14,30.355000495910645
2023-03-15,28.75
2023-03-16,29.463749885559082
2023-03-17,29.28375005722046
2023-03-20,28.994999885559082
2023-03-21,30.386250019073486
2023-03-22,30.53125
2023-03-23,30.198750019073486
2023-03-24,29.61750030517578
2023-03-27,30.696250438690186
2023-03-28,31.026249885559082
2023-03-29,31.708750247955322
2023-03-30,31.697500228881836
2023-03-31,31.894999504089355
2023-04-03,31.99375009536743
2023-04-04,31.94249963760376
2023-04-05,31.91874933242798
2023-04-06,32.177499771118164
2023-04-10,32.37625026702881
2023-04-11,32.75749969482422
2023-04-12,32.80250072479248
2023-04-13,33.078749656677246
2023-04-14,33.302499771118164
2023-04-17,33.790000915527344
2023-04-18,34.06374931335449
2023-04-19,34.08874988555908
2023-04-20,33.84875011444092
2023-04-21,33.94374942779541
2023-04-24,34.09625053405762
2023-04-25,33.35249996185303
2023-04-26,33.19750118255615
2023-04-27,33.87750053405762
2023-04-28,34.33250045776367
2023-05-01,34.91374969482422
2023-05-02,34.04375171661377
2023-05-03,33.90124988555908
2023-05-04,32.94250011444092
2023-05-05,33.769999504089355
2023-05-08,34.22749996185303
2023-05-09,34.067501068115234
2023-05-10,34.37249946594238
2023-05-11,34.396249771118164
2023-05-12,34.678749084472656
2023-05-15,34.913750648498535
2023-05-16,34.802499771118164
2023-05-17,35.0649995803833
2023-05-18,35.55375003814697
2023-05-19,35.642499923706055
2023-05-22,35.3799991607666
2023-05-23,35.173749923706055
2023-05-24,34.48124980926514
2023-05-25,34.76625061035156
2023-05-26,35.43875026702881
2023-05-30,35.921250343322754
2023-05-31,35.91374969482422
2023-06-01,36.73249912261963
2023-06-02,37.72749900817871
2023-06-05,38.05500030517578
2023-06-06,38.88124942779541
2023-06-07,39.2524995803833
2023-06-08,39.56874942779541
2023-06-09,39.71374988555908
2023-06-12,39.545000076293945
2023-06-13,39.76374912261963
2023-06-14,39.99749946594238
2023-06-15,40.07624912261963
2023-06-16,40.04374980926514
2023-06-20,40.25625038146973
2023-06-21,40.7137508392334
2023-06-22,41.007500648498535
2023-06-23,40.954999923706055
2023-06-26,41.17875003814697
2023-06-27,41.5649995803833
2023-06-28,42.066250801086426
2023-06-29,42.11000156402588
2023-06-30,42.30375003814697
2023-07-03,42.36250019073486
2023-07-05,42.17625045776367
2023-07-06,40.59375
2023-07-07,41.19499969482422
2023-07-10,41.50374984741211
2023-07-11,41.90250015258789
2023-07-12,42.78499984741211
2023-07-13,43.183749198913574
2023-07-14,42.98124980926514
2023-07-17,43.22875118255615
2023-07-18,43.371249198913574
2023-07-19,43.39500045776367
2023-07-20,43.038750648498535
2023-07-21,43.43124961853027
2023-07-24,43.62374973297119
2023-07-25,43.84249973297119
2023-07-26,43.91499996185303
2023-07-27,43.88125038146973
2023-07-28,44.00125026702881
2023-07-31,44.239999771118164
2023-08-01,43.88000011444092
2023-08-02,42.21249961853027
2023-08-03,41.70249938964844
2023-08-04,42.19999980926514
2023-08-07,42.158748626708984
2023-08-08,41.48875045776367
2023-08-09,42.1875
2023-08-10,42.55125045776367
2023-08-11,42.40625
2023-08-14,43.0049991607666
2023-08-15,42.57250118255615
2023-08-16,42.16249942779541
2023-08-17,41.51375102996826
2023-08-18,40.80125045776367
2023-08-21,41.679999351501465
2023-08-22,41.9975004196167
2023-08-23,42.30999946594238
2023-08-24,42.267499923706055
2023-08-25,42.19624996185303
2023-08-28,43.204999923706055
2023-08-29,43.790000915527344
2023-08-30,44.44499969482422
2023-08-31,44.97499942779541
2023-09-01,45.496249198913574
2023-09-05,45.35124969482422
2023-09-06,44.97749996185303
2023-09-07,44.57124996185303
2023-09-08,45.28999996185303
2023-09-11,45.859999656677246
2023-09-12,45.86750030517578
2023-09-13,46.16874980926514
2023-09-14,46.79124927520752
2023-09-15,46.50500011444092
2023-09-18,46.082499504089355
2023-09-19,46.22999954223633
2023-09-20,46.176249504089355
2023-09-21,44.22999954223633
2023-09-22,43.93000030517578
2023-09-25,43.388750076293945
2023-09-26,42.48875045776367
2023-09-27,42.19624996185303
2023-09-28,43.03625011444092
2023-09-29,43.79249954223633
2023-10-02,43.10750102996826
2023-10-03,41.771249771118164
2023-10-04,41.728750228881836
2023-10-05,42.01374912261963
2023-10-06,42.196250915527344
2023-10-09,42.396249771118164
2023-10-10,43.53749942779541
2023-10-11,43.81750011444092
2023-10-12,43.89250087738037
2023-10-13,42.26750087738037
2023-10-16,42.38249969482422
2023-10-17,42.43375015258789
2023-10-18,41.423749923706055
2023-10-19,40.72749900817871
2023-10-20,39.976250648498535
2023-10-23,40.142499923706055
2023-10-24,41.19624996185303
2023-10-25,40.667500495910645
2023-10-26,40.02874946594238
2023-10-27,39.91499996185303
2023-10-30,40.45499897003174
2023-10-31,41.50125026702881
2023-11-01,42.703749656677246
2023-11-02,43.586249351501465
2023-11-03,44.25125026702881
2023-11-06,44.80500030517578
2023-11-07,45.14500045776367
2023-11-08,45.45375061035156
2023-11-09,45.273749351501465
2023-11-10,45.44374942779541
2023-11-13,45.73750019073486
2023-11-14,46.40625
2023-11-15,46.52250003814697
2023-11-16,46.75874996185303
2023-11-17,47.15625
2023-11-20,47.53999900817871
2023-11-21,47.73750019073486
2023-11-22,48.02375030517578
2023-11-24,48.39500045776367
2023-11-27,48.71875
2023-11-28,48.89875030517578
2023-11-29,48.93624973297119
2023-11-30,48.84249973297119
2023-12-01,49.19250011444092
2023-12-04,48.80500030517578
2023-12-05,49.09250068664551
2023-12-06,49.32875061035156
2023-12-07,49.17250061035156
2023-12-08,49.597500801086426
2023-12-11,50.17500019073486
2023-12-12,50.96374988555908
2023-12-13,51.35874938964844
2023-12-14,51.484999656677246
2023-12-15,51.13749980926514
2023-12-18,50.791250228881836
2023-12-19,50.49875068664551
2023-12-20,49.6225004196167
2023-12-21,49.15749931335449
2023-12-22,49.60750102996826
2023-12-26,50.33749961853027
2023-12-27,51.25125026702881
2023-12-28,51.726250648498535
2023-12-29,51.628750801086426
2024-01-02,51.31750011444092
2024-01-03,51.03499889373779
2024-01-04,50.93249988555908
2024-01-05,51.413750648498535
2024-01-08,52.06624984741211
2024-01-09,52.48125076293945
2024-01-10,53.16250038146973
2024-01-11,53.201250076293945
2024-01-12,53.17499923706055
2024-01-16,52.116249084472656
2024-01-17,51.114999771118164
2024-01-18,51.6850004196167
2024-01-19,52.523749351501465
2024-01-22,53.18000030517578
2024-01-23,54.03874969482422
2024-01-24,54.04374980926514
2024-01-25,53.47749996185303
2024-01-26,53.4325008392334
2024-01-29,53.29999923706055
2024-01-30,53.56124973297119
2024-01-31,52.92000102996826
2024-02-01,52.584999084472656
2024-02-02,52.65250015258789
2024-02-05,53.13249969482422
2024-02-06,54.0362491607666
2024-02-07,54.445000648498535
2024-02-08,54.461249351501465
2024-02-09,54.60249996185303
2024-02-12,54.1537504196167
2024-02-13,52.011250495910645
2024-02-14,52.9975004196167
2024-02-15,53.416250228881836
2024-02-16,53.5
2024-02-20,52.77125072479248
2024-02-21,52.66499996185303
2024-02-22,53.766249656677246
2024-02-23,54.0962495803833
2024-02-26,54.68875026702881
2024-02-27,55.097500801086426
2024-02-28,54.88125038146973
2024-02-29,55.076250076293945
2024-03-01,55.27000045776367
2024-03-04,55.16499996185303
2024-03-05,54.25374984741211
2024-03-06,54.317501068115234
2024-03-07,54.261250495910645
2024-03-08,53.76499938964844
2024-03-11,53.40499973297119
2024-03-12,54.614999771118164
2024-03-13,55.13374996185303
2024-03-14,54.676249504089355
2024-03-15,53.804999351501465
2024-03-18,54.50124931335449
2024-03-19,54.90625
2024-03-20,55.63999938964844
2024-03-21,56.167500495910645
2024-03-22,56.12125015258789
2024-03-25,56.201250076293945
2024-03-26,56.5287504196167
2024-03-27,56.6899995803833
2024-03-28,56.644999504089355
2024-04-01,56.21250057220459
2024-04-02,55.09499931335449
2024-04-03,55.329999923706055
2024-04-04,55.045000076293945
2024-04-05,53.97874927520752
2024-04-08,54.607500076293945
2024-04-09,54.82374858856201
2024-04-10,54.28999996185303
2024-04-11,54.58750057220459
2024-04-12,52.957499504089355
2024-04-15,52.39500045776367
2024-04-16,51.827500343322754
2024-04-17,52.202500343322754
2024-04-18,52.43249988555908
2024-04-19,51.80999946594238
2024-04-22,53.0649995803833
2024-04-23,54.3174991607666
2024-04-24,54.635000228881836
2024-04-25,53.6899995803833
2024-04-26,55.0575008392334
2024-04-29,55.452500343322754
2024-04-30,55.217498779296875
2024-05-01,54.795000076293945
2024-05-02,55.22500038146973
2024-05-03,56.42249870300293
2024-05-06,57.09749984741211
2024-05-07,57.367499351501465
2024-05-08,57.52250003814697
2024-05-09,57.6850004196167
2024-05-10,58.03999996185303
2024-05-13,58.09000015258789
2024-05-14,58.1225004196167
2024-05-15,59.21500015258789
2024-05-16,59.51749897003174
2024-05-17,59.75500011444092
2024-05-20,59.96749973297119
2024-05-21,60.195000648498535
2024-05-22,60.09500026702881
2024-05-23,59.890000343322754
2024-05-24,59.980000495910645
2024-05-28,59.942501068115234
2024-05-29,58.55749988555908
2024-05-30,58.58500003814697
2024-05-31,59.02750015258789
2024-06-03,59.554999351501465
2024-06-04,59.31999969482422
2024-06-05,59.945000648498535
2024-06-06,60.35249900817871
2024-06-07,60.61000061035156
2024-06-10,60.52750015258789
2024-06-11,60.50749969482422
2024-06-12,61.41250038146973
2024-06-13,61.2549991607666
2024-06-14,60.47749996185303
2024-06-17,60.572500228881836
2024-06-18,60.84999942779541
2024-06-20,60.327500343322754
2024-06-21,59.954999923706055
2024-06-24,60.420000076293945
2024-06-25,60.86999988555908
2024-06-26,61.25999927520752
2024-06-27,61.640000343322754
2024-06-28,61.59500026702881
2024-07-01,62.10000038146973
2024-07-02,62.71249866485596
2024-07-03,62.92250061035156
2024-07-05,62.8050012588501
2024-07-08,63.27250003814697
2024-07-09,63.3149995803833
2024-07-10,63.40250015258789
2024-07-11,63.36750030517578
2024-07-12,63.84500026702881
2024-07-15,63.61249923706055
2024-07-16,63.21000099182129
2024-07-17,62.05749988555908
2024-07-18,61.74499988555908
2024-07-19,60.15499973297119
2024-07-22,60.85999870300293
2024-07-23,61.579999923706055
2024-07-24,58.97999954223633
2024-07-25,57.5625
2024-07-26,58.41499996185303
2024-07-29,59.114999771118164
2024-07-30,58.71500015258789
2024-07-31,59.39999961853027
2024-08-01,57.71249961853027
2024-08-02,51.92499923706055
2024-08-05,40.72249984741211
2024-08-06,42.817501068115234
2024-08-07,44.95249938964844
2024-08-08,45.35249996185303
2024-08-09,47.30249881744385
2024-08-12,49.144999504089355
2024-08-13,50.072500228881836
2024-08-14,51.8774995803833
2024-08-15,53.380001068115234
2024-08-16,53.28250026702881
2024-08-19,53.86750030517578
2024-08-20,53.42500019073486
2024-08-21,52.702500343322754
2024-08-22,52.1825008392334
2024-08-23,52.56750011444092
2024-08-26,52.98750019073486
2024-08-27,53.1274995803833
2024-08-28,52.78999900817871
2024-08-29,52.989999771118164
2024-08-30,53.547499656677246
2024-09-03,50.542500495910645
2024-09-04,47.984999656677246
2024-09-05,48.56500053405762
2024-09-06,48.09500026702881
2024-09-09,48.18000030517578
2024-09-10,48.74499988555908
2024-09-11,49.272499084472656
2024-09-12,50.04750061035156
2024-09-13,50.517499923706055
2024-09-16,50.24499988555908
2024-09-17,50.01000118255615
2024-09-18,50.107500076293945
2024-09-19,50.95000076293945
2024-09-20,51.09250068664551
2024-09-23,51.26499938964844
2024-09-24,51.010000228881836
2024-09-25,50.91749954223633
2024-09-26,50.77250003814697
2024-09-27,50.167500495910645
2024-09-30,49.65749931335449
2024-10-01,49.114999771118164
2024-10-02,48.207499504089355
2024-10-03,47.765000343322754
2024-10-04,48.11250019073486
2024-10-07,47.03000068664551
2024-10-08,47.07249927520752
2024-10-09,47.5049991607666
2024-10-10,47.46749973297119
2024-10-11,47.57249927520752
2024-10-14,48.34249973297119
2024-10-15,48.40500068664551
2024-10-16,47.874999046325684
2024-10-17,48.25500011444092
2024-10-18,48.765000343322754
2024-10-21,48.795000076293945
2024-10-22,48.8100004196167
2024-10-23,48.140000343322754
2024-10-24,48.03000068664551
2024-10-25,47.84250068664551
2024-10-28,48.19749927520752
2024-10-29,48.28000068664551
2024-10-30,48.017499923706055
2024-10-31,46.515000343322754
2024-11-01,46.54249954223633
2024-11-04,46.95249938964844
2024-11-05,48.14999961853027
2024-11-06,50.91250038146973
2024-11-07,51.697500228881836
2024-11-08,51.86500072479248
2024-11-11,52.20500087738037
2024-11-12,51.92750072479248
2024-11-13,52.452500343322754
2024-11-14,52.8100004196167
2024-11-15,51.304999351501465
2024-11-18,51.484999656677246
2024-11-19,50.750000953674316
2024-11-20,50.25
2024-11-21,50.33250045776367
2024-11-22,50.80999946594238
2024-11-25,51.90000057220459
2024-11-26,52.42000102996826
2024-11-27,52.382500648498535
2024-11-29,53.00999927520752
2024-12-02,53.31999969482422
2024-12-03,53.302499771118164
2024-12-04,53.65999984741211
2024-12-05,53.28749942779541
2024-12-06,53.739999771118164
2024-12-09,53.4375
2024-12-10,53.33500003814697
2024-12-11,53.69499969482422
2024-12-12,53.3725004196167
2024-12-13,53.4350004196167
2024-12-16,53.11500072479248
2024-12-17,52.4375
2024-12-18,50.14999866485596
2024-12-19,47.30749988555908
2024-12-20,47.50749969482422
2024-12-23,49.8799991607666
2024-12-24,51.53999996185303
2024-12-26,51.695000648498535
2024-12-27,50.792500495910645
2024-12-30,49.75749969482422
