Date,VGLT
2010-01-04,36.79861831665039
2010-01-05,37.09052154739516
2010-01-06,36.81789779663086
2010-01-07,36.728065490722656
2010-01-08,36.66387176513672
2010-01-11,36.69601288472591
2010-01-12,37.029593631010684
2010-01-13,36.907692096301204
2010-01-14,36.92692947387695
2010-01-15,37.427324821749124
2010-01-19,37.33272214578904
2010-01-20,37.513959907269495
2010-01-21,37.619783807076985
2010-01-22,37.73364597164807
2010-01-25,37.58130948055521
2010-01-26,37.65829399476997
2010-01-27,37.655052796172505
2010-01-28,37.411311622123954
2010-01-29,37.641901086132506
2010-02-01,37.64674496445139
2010-02-02,37.556618301300134
2010-02-03,37.36510929843917
2010-02-04,37.484197731184736
2010-02-05,37.77225894069208
2010-02-08,37.84466899322295
2010-02-09,37.66605209584935
2010-02-10,37.43108797488754
2010-02-11,37.15265945267765
2010-02-12,37.25727654286753
2010-02-16,37.23476354735611
2010-02-17,37.08027879286985
2010-02-18,36.93865158521756
2010-02-19,36.92095522412417
2010-02-22,36.91288939684368
2010-02-23,37.17360533056143
2010-02-24,37.35704749543271
2010-02-25,37.55663163687259
2010-02-26,37.69608393799196
2010-03-01,37.74125289916992
2010-03-02,37.579877723849684
2010-03-03,37.64121287308626
2010-03-04,37.725133574322676
2010-03-05,37.347523839999255
2010-03-08,37.20548519897994
2010-03-09,37.21194076538086
2010-03-10,37.11352981840637
2010-03-11,37.23298364272686
2010-03-12,37.25069216892829
2010-03-15,37.27651596069336
2010-03-16,37.54277170793263
2010-03-17,37.78645499250102
2010-03-18,37.83809280395508
2010-03-19,37.82516098022461
2010-03-22,37.759013661708956
2010-03-23,37.67349280271746
2010-03-24,37.25070308916952
2010-03-25,36.902144617690915
2010-03-26,36.88116747127854
2010-03-29,36.85373269174894
2010-03-30,36.908573150634766
2010-03-31,37.08608006425062
2010-04-01,37.06342037892978
2010-04-05,36.67312243878945
2010-04-06,36.66503453423977
2010-04-07,36.78812311452861
2010-04-08,36.99215167054282
2010-04-09,36.92575275641877
2010-04-12,37.13628528002447
2010-04-13,37.285310121788896
2010-04-14,37.215641021728516
2010-04-15,37.09579068710096
2010-04-16,37.37111980607128
2010-04-19,37.33547184355214
2010-04-20,37.36465072631836
2010-04-21,37.54600179951321
2010-04-22,37.662623323609225
2010-04-23,37.591365814208984
2010-04-26,37.552520666369844
2010-04-27,37.981659672587455
2010-04-28,37.578399658203125
2010-04-29,37.578399658203125
2010-04-30,38.062027793256306
2010-05-03,38.117279052734375
2010-05-04,38.50892696984576
2010-05-05,38.91029299998952
2010-05-06,39.03707947426636
2010-05-07,39.74883857559117
2010-05-10,38.61943136643862
2010-05-11,38.812811940767865
2010-05-12,38.58530056609513
2010-05-13,38.591776999725
2010-05-14,39.09233198656148
2010-05-17,39.181678005596325
2010-05-18,39.396198706310855
2010-05-19,39.64969947049318
2010-05-20,40.20060711242639
2010-05-21,40.528858020574326
2010-05-24,40.205481959389296
2010-05-25,40.64911606324376
2010-05-26,40.22659206893971
2010-05-27,39.661082775442885
2010-05-28,39.718719482421875
2010-06-01,39.94372735545982
2010-06-02,39.84590762066189
2010-06-03,39.5002199817623
2010-06-04,40.18505287804736
2010-06-07,40.25675973773246
2010-06-08,40.32687407089776
2010-06-09,40.27963131346094
2010-06-10,40.01383844609906
2010-06-11,40.05785127693407
2010-06-14,39.902970228690286
2010-06-15,39.8768706261739
2010-06-16,39.99915306189867
2010-06-17,40.25354526006813
2010-06-18,40.23559964654071
2010-06-21,40.025252554813775
2010-06-22,40.41984854031986
2010-06-23,40.726350384808214
2010-06-24,40.74105981255494
2010-06-25,40.57962276403676
2010-06-28,40.97582879337126
2010-06-29,41.33616002376243
2010-06-30,41.51667878931905
2010-07-01,41.78329534199946
2010-07-02,41.459476305177375
2010-07-06,41.56575728894266
2010-07-07,41.49217258796916
2010-07-08,41.17323193474421
2010-07-09,40.99006072570572
2010-07-12,41.02278596688226
2010-07-13,40.77744998652376
2010-07-14,40.864131627101436
2010-07-15,41.2697248074274
2010-07-16,41.503601815455674
2010-07-19,41.4659943215121
2010-07-20,41.47905111785134
2010-07-21,41.763640080400194
2010-07-22,41.73749850285925
2010-07-23,41.47581880782347
2010-07-26,41.205961781174736
2010-07-27,41.021137665899
2010-07-28,40.99825400970745
2010-07-29,40.95898570016164
2010-07-30,41.55447113221196
2010-08-02,41.27430491294061
2010-08-03,41.429959970241555
2010-08-04,41.2366299343699
2010-08-05,41.45615965855202
2010-08-06,41.67406624958665
2010-08-09,41.65276152948566
2010-08-10,41.808394248152425
2010-08-11,42.10987829858467
2010-08-12,42.23928373258069
2010-08-13,42.37691712978959
2010-08-16,43.25505071966107
2010-08-17,43.19771982441628
2010-08-18,43.34025721817833
2010-08-19,43.24357859026283
2010-08-20,43.710467624962426
2010-08-23,43.54341304482282
2010-08-24,44.09711479150353
2010-08-25,44.31669172780262
2010-08-26,44.23802524502432
2010-08-27,43.77931090943592
2010-08-30,43.831737302029794
2010-08-31,44.37617035021423
2010-09-01,43.842475140697104
2010-09-02,43.399102579802005
2010-09-03,42.78657575862024
2010-09-07,43.476271910318076
2010-09-08,43.39911280352683
2010-09-09,42.77999689107176
2010-09-10,42.46634167315425
2010-09-13,42.53366978971227
2010-09-14,42.894953313061485
2010-09-15,42.67653270889374
2010-09-16,42.23315858093652
2010-09-17,42.39245688188338
2010-09-20,42.52216908802526
2010-09-21,42.85224342205457
2010-09-22,43.377766053733666
2010-09-23,43.53705398310396
2010-09-24,43.116632723781215
2010-09-27,43.44179278398694
2010-09-28,43.895011757842
2010-09-29,43.81949361487247
2010-09-30,43.64078765922422
2010-10-01,43.52882121179543
2010-10-04,43.58810693690452
2010-10-05,43.624296479552726
2010-10-06,43.87788893997561
2010-10-07,43.805470418272236
2010-10-08,43.751103860264045
2010-10-11,43.74780454737777
2010-10-12,43.530444281814844
2010-10-13,43.079262481000185
2010-10-14,43.094094685215495
2010-10-15,42.38435211104647
2010-10-18,42.634676161552235
2010-10-19,42.72850280300365
2010-10-20,42.830608734213044
2010-10-21,42.64945708912373
2010-10-22,42.48973149081756
2010-10-25,42.89317125239166
2010-10-26,42.39586479931501
2010-10-27,42.05666447640684
2010-10-28,42.05995351496259
2010-10-29,42.26589644194813
2010-11-01,42.39972026180487
2010-11-02,42.62761715180468
2010-11-03,42.52687159182347
2010-11-04,42.33528928874961
2010-11-05,41.985107130299134
2010-11-08,42.03631529686383
2010-11-09,41.65475653893459
2010-11-10,41.21046131821117
2010-11-11,41.327685964091295
2010-11-12,41.175754345311745
2010-11-15,40.58941513727825
2010-11-16,40.76282660174221
2010-11-17,40.99904497677832
2010-11-18,40.76118164771461
2010-11-19,40.99076958158224
2010-11-22,41.319475039474014
2010-11-23,41.50281043789244
2010-11-24,41.05190173616286
2010-11-26,41.117962643260206
2010-11-29,41.46647120932733
2010-11-30,41.763789959771216
2010-12-01,41.114385554652294
2010-12-02,40.96362221360067
2010-12-03,40.889067127969795
2010-12-06,40.97188213699671
2010-12-07,40.350620052239705
2010-12-08,39.90332277322604
2010-12-09,39.913271626395016
2010-12-10,39.843667365338035
2010-12-13,39.780734936417275
2010-12-14,39.31852105304805
2010-12-15,39.17270881277909
2010-12-16,39.04515061618795
2010-12-17,39.63494113142549
2010-12-20,39.78570175124267
2010-12-21,39.709492421401826
2010-12-22,39.755862396247224
2010-12-23,39.62500625008023
2010-12-27,39.67279047427902
2010-12-28,39.50476313269398
2010-12-29,39.55301247607285
2010-12-30,39.77761905885345
2010-12-31,39.92900293751626
2011-01-03,40.02551416729146
2011-01-04,39.90905835520988
2011-01-05,39.44486753298004
2011-01-06,39.33838038053085
2011-01-07,39.44819658633753
2011-01-10,39.76597595132622
2011-01-11,39.712719057638026
2011-01-12,39.49644822514361
2011-01-13,39.567987331189165
2011-01-14,39.7094005796436
2011-01-18,39.311761578777535
2011-01-19,39.504755271859466
2011-01-20,39.21691033490895
2011-01-21,39.09549016219279
2011-01-24,39.3516676302372
2011-01-25,39.54301163635738
2011-01-26,39.404927172608495
2011-01-27,39.25187091468092
2011-01-28,39.37666059008072
2011-01-31,39.38850707543834
2011-02-01,39.11475293037521
2011-02-02,39.09303437477589
2011-02-03,38.88940587510466
2011-02-04,38.54221456311539
2011-02-07,38.43869191378548
2011-02-08,38.40866849740378
2011-02-09,38.433685038212445
2011-02-10,38.37028649329639
2011-02-11,38.575592980418385
2011-02-14,38.754206925348555
2011-02-15,38.80262159254178
2011-02-16,38.861006832486005
2011-02-17,38.92446151932571
2011-02-18,38.672428222740365
2011-02-22,39.10473815559567
2011-02-23,39.40684888484066
2011-02-24,39.57380621743458
2011-02-25,39.727372216444095
2011-02-28,39.79848580255454
2011-03-01,39.71309153916397
2011-03-02,39.592507891388124
2011-03-03,39.14368177910818
2011-03-04,39.17719944434401
2011-03-07,39.13199235786433
2011-03-08,39.08005638404446
2011-03-09,39.22074299965594
2011-03-10,39.58917327510873
2011-03-11,39.80014963825387
2011-03-14,39.68293339781149
2011-03-15,40.200409569351336
2011-03-16,40.50352691435053
2011-03-17,40.39969229398754
2011-03-18,40.27076066295562
2011-03-21,40.20878947983752
2011-03-22,40.22888545527802
2011-03-23,40.41142484906665
2011-03-24,40.05305114947936
2011-03-25,39.97767010497501
2011-03-28,39.90735166109037
2011-03-29,39.795148155326686
2011-03-30,39.805190947052566
2011-03-31,39.83122125754617
2011-04-01,39.8513713425469
2011-04-04,40.046312036983416
2011-04-05,39.90012897798158
2011-04-06,39.59597091887092
2011-04-07,39.31705523533745
2011-04-08,39.18431694833227
2011-04-11,39.11879426980921
2011-04-12,39.511951520878675
2011-04-13,39.590945254488304
2011-04-14,39.79426859357942
2011-04-15,40.07991552066435
2011-04-18,40.13869940468137
2011-04-19,40.35211334801401
2011-04-20,40.2815613591429
2011-04-21,40.21937808848086
2011-04-25,40.31347312804986
2011-04-26,40.50165796508222
2011-04-27,40.39414188469398
2011-04-28,40.44955544634826
2011-04-29,40.579906315908794
2011-05-02,40.70295367659496
2011-05-03,40.863084860125554
2011-05-04,41.08391414032755
2011-05-05,41.3080916049152
2011-05-06,41.18334642610877
2011-05-09,41.25080150114109
2011-05-10,41.16312036817272
2011-05-11,41.15640584334947
2011-05-12,41.16987975121277
2011-05-13,41.272694355150264
2011-05-16,41.44295367775672
2011-05-17,41.751435321452604
2011-05-18,41.63173759848989
2011-05-19,41.25414793800488
2011-05-20,41.37721607726688
2011-05-23,41.633427304483604
2011-05-24,41.640154735399285
2011-05-25,41.66714054347847
2011-05-26,41.773337160551876
2011-05-27,41.85086723465558
2011-05-31,41.85476034587517
2011-06-01,42.328183352926466
2011-06-02,41.98834815977866
2011-06-03,41.96973810864557
2011-06-06,41.8158835574921
2011-06-07,41.66876658747714
2011-06-08,42.098256986784314
2011-06-09,42.16082848284695
2011-06-10,42.27915512691676
2011-06-13,42.16758158942203
2011-06-14,41.639993697588636
2011-06-15,41.937581297368695
2011-06-16,42.368766129972435
2011-06-17,42.255474060086954
2011-06-20,42.26055400914413
2011-06-21,42.14051504461976
2011-06-22,42.18110852993671
2011-06-23,42.41610845222149
2011-06-24,42.39921896830728
2011-06-27,42.093165896153856
2011-06-28,41.64342330498674
2011-06-29,41.33736177378782
2011-06-30,41.110824369504016
2011-07-01,41.07010320065055
2011-07-05,41.20411367106273
2011-07-06,41.35340727718357
2011-07-07,41.15831519970061
2011-07-08,41.64176751675458
2011-07-11,42.17610477230117
2011-07-12,42.40850765367877
2011-07-13,42.42041101287288
2011-07-14,42.19306799920589
2011-07-15,41.9776548727953
2011-07-18,42.01159174846983
2011-07-19,42.18630391164993
2011-07-20,42.19818400346108
2011-07-21,41.8063186333008
2011-07-22,42.04718264664611
2011-07-25,41.74525616059114
2011-07-26,41.955575177569
2011-07-27,41.925047512083104
2011-07-28,42.091307251586784
2011-07-29,42.64770122145799
2011-08-01,43.0442299015988
2011-08-02,43.8219652909499
2011-08-03,44.43464524594157
2011-08-04,45.132361695879766
2011-08-05,44.94177215950926
2011-08-08,45.37233444814833
2011-08-09,46.03773874179462
2011-08-10,46.93122068626474
2011-08-11,45.95606905463151
2011-08-12,45.780760529643096
2011-08-15,45.772247737894894
2011-08-16,46.03264456490282
2011-08-17,46.57722378682358
2011-08-18,47.70724742335427
2011-08-19,47.85018198463512
2011-08-22,47.75998767748957
2011-08-23,47.43665496140082
2011-08-24,46.7167897175061
2011-08-25,46.4444882728135
2011-08-26,46.82398082324933
2011-08-29,46.41385276954429
2011-08-30,47.058845963506215
2011-08-31,46.872986953991045
2011-09-01,46.92931761907714
2011-09-02,48.32885007063426
2011-09-06,49.16515739747175
2011-09-07,48.397161136972414
2011-09-08,48.53877524567587
2011-09-09,48.892082969482665
2011-09-12,49.086661487180564
2011-09-13,48.735077566732464
2011-09-14,48.58487556715474
2011-09-15,48.26059445032702
2011-09-16,48.20600315908314
2011-09-19,49.25048777145018
2011-09-20,49.31196705512592
2011-09-21,49.94345098187933
2011-09-22,51.9215870589411
2011-09-23,51.75263846954644
2011-09-26,50.86341651939098
2011-09-27,49.8956727266035
2011-09-28,49.762541431529584
2011-09-29,50.22338418796127
2011-09-30,51.044117833728265
2011-10-03,51.35727421817616
2011-10-04,52.26080712850053
2011-10-05,51.57460673425946
2011-10-06,51.011630173133504
2011-10-07,50.26037618858233
2011-10-10,49.53997607854336
2011-10-11,49.726478290397466
2011-10-12,48.94616420231075
2011-10-13,49.30380183428416
2011-10-14,48.82295990840358
2011-10-17,49.211406317538554
2011-10-18,49.43045365791907
2011-10-19,49.110436056089924
2011-10-20,49.06766716515427
2011-10-21,48.68262740933975
2011-10-24,48.67575770480545
2011-10-25,49.11556945267817
2011-10-26,49.17207732842134
2011-10-27,47.878324686265486
2011-10-28,47.88176924380573
2011-10-31,48.989041506287236
2011-11-01,50.67234793397019
2011-11-02,50.23308591705497
2011-11-03,49.94998261002653
2011-11-04,49.83500389620018
2011-11-07,50.16619670991051
2011-11-08,49.92420506774886
2011-11-09,50.644917599276155
2011-11-10,49.96198137791687
2011-11-11,49.671983246332914
2011-11-14,50.11643530977361
2011-11-15,50.30857970468663
2011-11-16,50.55227369716004
2011-11-17,50.81478244545584
2011-11-18,50.837098785594634
2011-11-21,51.33126871357377
2011-11-22,51.490853510436864
2011-11-23,51.91982501462317
2011-11-25,51.710498092605945
2011-11-28,51.04986911646357
2011-11-29,51.231740670814915
2011-11-30,50.459303052321076
2011-12-01,50.055060266890166
2011-12-02,50.41629095602655
2011-12-05,50.46619473125949
2011-12-06,50.369867304486704
2011-12-07,50.40771340980723
2011-12-08,50.67433414278575
2011-12-09,50.57456737452006
2011-12-12,50.590050930044086
2011-12-13,50.691528763023264
2011-12-14,51.53956033087974
2011-12-15,51.67546877232915
2011-12-16,52.07968366162732
2011-12-19,52.4856606983499
2011-12-20,51.98166828291281
2011-12-21,51.340063912361245
2011-12-22,51.2677956800506
2011-12-23,50.68419703831084
2011-12-27,50.65833584733156
2011-12-28,51.39302133888845
2011-12-29,51.70343546220141
2011-12-30,51.88454299478246
2012-01-03,51.33438858571795
2012-01-04,51.003284623126795
2012-01-05,50.83942007000348
2012-01-06,50.92047571451745
2012-01-09,51.05326980784589
2012-01-10,50.87738833483995
2012-01-11,51.38268240753422
2012-01-12,51.48441662941278
2012-01-13,51.972492347347846
2012-01-17,51.9742086391508
2012-01-18,51.810365500226034
2012-01-19,51.068795392978146
2012-01-20,50.553174773488756
2012-01-23,50.085796216879956
2012-01-24,50.166824259536476
2012-01-25,50.2841091010675
2012-01-26,50.480699841952315
2012-01-27,50.741125050549385
2012-01-30,51.48099197401928
2012-01-31,51.64613914651059
2012-02-01,51.53033004329873
2012-02-02,51.381691124751846
2012-02-03,50.42407491266854
2012-02-06,50.67121958401949
2012-02-07,50.40160267664466
2012-02-08,50.33413730528348
2012-02-09,50.064509750078344
2012-02-10,50.58135388801676
2012-02-13,50.527754904451925
2012-02-14,50.85101878556465
2012-02-15,50.908042448315804
2012-02-16,50.54505667671863
2012-02-17,50.252926490354966
2012-02-21,50.02821877821782
2012-02-22,50.34107872096989
2012-02-23,50.382558313887095
2012-02-24,50.70234432377539
2012-02-27,51.16562007551525
2012-02-28,51.15870634599964
2012-02-29,51.21327151055946
2012-03-01,50.371064285743586
2012-03-02,50.611943526471464
2012-03-05,50.58078073801227
2012-03-06,50.942935076522815
2012-03-07,50.79391909118647
2012-03-08,50.350265732961766
2012-03-09,50.07124160620806
2012-03-12,50.36582487455513
2012-03-13,49.806061557732434
2012-03-14,48.72124270178496
2012-03-15,48.43879526094547
2012-03-16,48.31574610990989
2012-03-19,48.22388654657905
2012-03-20,48.144175809660005
2012-03-21,48.485575319028555
2012-03-22,48.82695320975657
2012-03-23,49.125058790494194
2012-03-26,48.941339072005306
2012-03-27,49.21342715376698
2012-03-28,49.21342931299023
2012-03-29,49.50629027152491
2012-03-30,49.1428070168249
2012-04-02,49.146284925132434
2012-04-03,48.85961044340922
2012-04-04,48.734539919234706
2012-04-05,49.2314234800852
2012-04-09,50.24610272557185
2012-04-10,50.584879900224585
2012-04-11,50.31382541493243
2012-04-12,50.16964091342088
2012-04-13,50.591818826787275
2012-04-16,50.77774391562161
2012-04-17,50.621346048219635
2012-04-18,50.78989183549036
2012-04-19,50.93583285982789
2012-04-20,50.77077094560477
2012-04-23,51.23644331151581
2012-04-24,50.95322120145488
2012-04-25,50.67348497032211
2012-04-26,50.934095072437636
2012-04-27,50.9323614455065
2012-04-30,51.03361551215686
2012-05-01,50.88030563960015
2012-05-02,51.0336152610951
2012-05-03,50.94474659681714
2012-05-04,51.30355892174157
2012-05-07,51.48123505535364
2012-05-08,51.71467688132335
2012-05-09,51.81743001016047
2012-05-10,51.45686357688877
2012-05-11,51.94981260150152
2012-05-14,52.526370556350614
2012-05-15,52.597840010771144
2012-05-16,52.71626873433646
2012-05-17,53.341556504767524
2012-05-18,53.54190661519361
2012-05-21,53.6290112200953
2012-05-22,53.06462700330822
2012-05-23,53.576766868528836
2012-05-24,53.28585437138342
2012-05-25,53.449576182361994
2012-05-29,53.390349632350194
2012-05-30,54.285722896350464
2012-05-31,54.94242843497898
2012-06-01,55.92531216117929
2012-06-04,55.78390167790114
2012-06-05,55.31428961462494
2012-06-06,54.60197885247323
2012-06-07,54.04856645608476
2012-06-08,54.48155782846034
2012-06-11,54.273771718551814
2012-06-12,54.149844847196114
2012-06-13,54.24761512726622
2012-06-14,54.392502836443384
2012-06-15,54.72420804372868
2012-06-18,54.877846035006705
2012-06-19,55.79089183717043
2012-06-20,54.310444104742004
2012-06-21,54.60025558496832
2012-06-22,54.29998039825594
2012-06-25,54.67709085057497
2012-06-26,54.54783118491451
2012-06-27,54.61947396230547
2012-06-28,54.87608982830206
2012-06-29,54.09715712177693
2012-07-02,54.566097588608784
2012-07-03,54.47340230713004
2012-07-05,54.43483908992843
2012-07-06,54.893332734308075
2012-07-09,55.22753686802795
2012-07-10,55.17680833348386
2012-07-11,55.52680183485658
2012-07-12,55.777029400146745
2012-07-13,55.70877245339572
2012-07-16,56.09724134204036
2012-07-17,55.77525745061278
2012-07-18,55.70000872105129
2012-07-19,55.51979336611363
2012-07-20,56.02200659451604
2012-07-23,56.44901043937235
2012-07-24,56.47344794887376
2012-07-25,56.71669402998016
2012-07-26,56.52597203430434
2012-07-27,55.652787590160045
2012-07-30,55.64927639951382
2012-07-31,55.87022599254898
2012-08-01,55.65974113171188
2012-08-02,56.02106461606721
2012-08-03,55.191450201707596
2012-08-06,55.27910456601493
2012-08-07,54.58986732691545
2012-08-08,54.575825345518126
2012-08-09,54.17946110744765
2012-08-10,54.640717196755176
2012-08-13,54.62668024693529
2012-08-14,53.9216482750607
2012-08-15,53.39196576505798
2012-08-16,52.990322586004616
2012-08-17,53.081534666653596
2012-08-20,53.099062731489646
2012-08-21,53.111329681106945
2012-08-22,53.8900659352924
2012-08-23,54.32325313608856
2012-08-24,54.40921863010241
2012-08-27,54.52143513968055
2012-08-28,54.71615750749761
2012-08-29,54.50218465571327
2012-08-30,54.77229807779716
2012-08-31,55.05364561055903
2012-09-04,55.287413418326665
2012-09-05,55.123951684156495
2012-09-06,54.484094630895456
2012-09-07,54.49286043305456
2012-09-10,54.053436350206724
2012-09-11,54.018251718202265
2012-09-12,53.37666970411226
2012-09-13,53.31512911175069
2012-09-14,52.27450191431396
2012-09-17,52.350079376365166
2012-09-18,52.80887241383222
2012-09-19,53.070839554359495
2012-09-20,53.29051101894915
2012-09-21,53.03037439893396
2012-09-24,53.4997018054549
2012-09-25,53.81085047247196
2012-09-26,54.40850814820216
2012-09-27,54.306570064104974
2012-09-28,54.378918732859134
2012-10-01,54.29439379512201
2012-10-02,54.319062125958865
2012-10-03,54.29263130886923
2012-10-04,53.94378312064654
2012-10-05,53.29361071010429
2012-10-08,53.64772639732454
2012-10-09,53.44160281083769
2012-10-10,53.54908213259631
2012-10-11,53.80276897734332
2012-10-12,54.3243241862738
2012-10-15,54.18865107577608
2012-10-16,53.661847860486006
2012-10-17,53.0980408005258
2012-10-18,52.978194052319715
2012-10-19,53.12970709272925
2012-10-22,53.20376090701234
2012-10-23,53.60898958869195
2012-10-24,53.39577738333027
2012-10-25,53.05216966280208
2012-10-26,53.476814045993414
2012-10-31,53.934945861662484
2012-11-01,53.88737804229635
2012-11-02,53.52546914406667
2012-11-05,53.97220625175279
2012-11-06,53.74088838848441
2012-11-07,54.42422288923537
2012-11-08,54.680263556321314
2012-11-09,55.047567793240674
2012-11-12,55.19055612325505
2012-11-13,55.381290243419144
2012-11-14,55.26118726639535
2012-11-15,55.35125587245058
2012-11-16,55.37420147181683
2012-11-19,55.01222714859659
2012-11-20,54.77032666085864
2012-11-21,54.49131661006945
2012-11-23,54.49312145310153
2012-11-26,54.78621643683377
2012-11-27,54.84625388998186
2012-11-28,55.042253290124776
2012-11-29,54.798585660802175
2012-11-30,54.86643174427699
2012-12-03,54.65584508219323
2012-12-04,54.97438448255094
2012-12-05,55.057573780068395
2012-12-06,55.21154116354382
2012-12-07,54.80273184920916
2012-12-10,54.82931005693028
2012-12-11,54.55324937173509
2012-12-12,54.268279066113664
2012-12-13,53.928534518564476
2012-12-14,54.28067540113653
2012-12-17,53.912599254560455
2012-12-18,53.30561765556471
2012-12-19,53.34454701991637
2012-12-20,53.42950553214281
2012-12-21,53.818807997077926
2012-12-24,53.70633064876559
2012-12-26,53.821802321148326
2012-12-27,53.98172224560102
2012-12-28,54.29450342159633
2012-12-31,53.84489487177983
2013-01-02,52.96352391142885
2013-01-03,52.588578978803874
2013-01-04,52.32378916704692
2013-01-07,52.46239006514063
2013-01-08,52.736058725455266
2013-01-09,52.744945749629125
2013-01-10,52.608119696390084
2013-01-11,52.71116805245601
2013-01-14,53.00615076389725
2013-01-15,53.194544017464786
2013-01-16,53.24072897497643
2013-01-17,52.76804347417571
2013-01-18,52.997298076958906
2013-01-22,53.034586911000545
2013-01-23,53.18210258540732
2013-01-24,52.97952626907929
2013-01-25,52.405521650118544
2013-01-28,52.06079390411243
2013-01-29,52.07146166423773
2013-01-30,51.790700413060414
2013-01-31,51.93156273830295
2013-02-01,51.91197363419619
2013-02-04,51.97076855609782
2013-02-05,51.669866533791065
2013-02-06,51.87993189389027
2013-02-07,51.988564999239834
2013-02-08,51.92626067418182
2013-02-11,52.063306166584255
2013-02-12,51.91023945975067
2013-02-13,51.55416377484516
2013-02-14,51.82652198793788
2013-02-15,51.83187196962376
2013-02-19,51.79093167355947
2013-02-20,51.62716596856468
2013-02-21,52.0544216517071
2013-02-22,52.05979005462758
2013-02-25,52.36599668800347
2013-02-26,52.814633988426365
2013-02-27,52.77368504336626
2013-02-28,52.63179328380374
2013-03-01,52.89763298832415
2013-03-04,52.79946960217146
2013-03-05,52.53717041015625
2013-03-06,52.2070937771658
2013-03-07,51.84666152405141
2013-03-08,51.34349298763448
2013-03-11,51.3452564281932
2013-03-12,51.55226326016863
2013-03-13,51.54691289848421
2013-03-14,51.48088460222398
2013-03-15,51.577274597367264
2013-03-18,52.07862200012083
2013-03-19,52.34093061308024
2013-03-20,52.0233207068018
2013-03-21,52.19102553345834
2013-03-22,52.28383593444529
2013-03-25,52.23566429668395
2013-03-26,52.2427731703401
2013-03-27,52.76914794056047
2013-03-28,52.641572364163316
2013-04-01,52.69521528025431
2013-04-02,52.68628610326441
2013-04-03,53.07432224932086
2013-04-04,53.46057936775269
2013-04-05,54.58711329683181
2013-04-08,54.376116997234135
2013-04-09,54.181192712051
2013-04-10,53.60365813126944
2013-04-11,53.59465979183602
2013-04-12,54.08643007862039
2013-04-15,54.45302899264892
2013-04-16,54.26705130259393
2013-04-17,54.581780213000684
2013-04-18,54.617509425164
2013-04-19,54.59066580704656
2013-04-22,54.61394547204352
2013-04-23,54.588876405979136
2013-04-24,54.490563769076836
2013-04-25,54.35465225609608
2013-04-26,54.76414861120472
2013-04-29,54.83568089906396
2013-04-30,54.70348914106539
2013-05-01,55.065527947211024
2013-05-02,55.035069974735066
2013-05-03,54.18013596600456
2013-05-06,53.900554539216785
2013-05-07,53.637066592672156
2013-05-08,53.72134323672496
2013-05-09,53.76790542569654
2013-05-10,53.20690835764988
2013-05-13,52.7265806431213
2013-05-14,52.57065617810515
2013-05-15,52.48461307987169
2013-05-16,52.932683161770036
2013-05-17,52.62979060040479
2013-05-20,52.529421170531535
2013-05-21,52.4846077199309
2013-05-22,52.412890408196134
2013-05-23,52.26056498667451
2013-05-24,52.36450660001987
2013-05-28,51.58308686429189
2013-05-29,51.49165236676534
2013-05-30,51.50058215440946
2013-05-31,51.311733783636924
2013-06-03,51.383603708082184
2013-06-04,51.241698899964916
2013-06-05,51.5273592573628
2013-06-06,51.78608679590663
2013-06-07,51.18777177926586
2013-06-10,50.72598658474701
2013-06-11,50.73319471983114
2013-06-12,50.69904257254352
2013-06-13,50.93803355116802
2013-06-14,51.27943390281493
2013-06-17,51.03507453611681
2013-06-18,50.77991669598235
2013-06-19,50.67031091764967
2013-06-20,49.7575474839186
2013-06-21,49.335318189846966
2013-06-24,48.73879967964024
2013-06-25,49.126901801234
2013-06-26,49.00113274319696
2013-06-27,49.23829656737176
2013-06-28,49.31450890944198
2013-07-01,49.81357930514568
2013-07-02,49.7288626842215
2013-07-03,49.62259282250726
2013-07-05,48.27317170999524
2013-07-08,48.43531993052545
2013-07-09,48.87669533107922
2013-07-10,48.278584048427966
2013-07-11,48.552415248134494
2013-07-12,48.79383200485359
2013-07-15,48.716389122139645
2013-07-16,49.001017528584974
2013-07-17,49.17938841200216
2013-07-18,48.8496822629067
2013-07-19,49.139732401675644
2013-07-22,49.34874410030753
2013-07-23,49.107304200311205
2013-07-24,48.63528598622307
2013-07-25,48.54158314741278
2013-07-26,48.83886932168008
2013-07-29,48.65510414219116
2013-07-30,48.60826066098681
2013-07-31,48.32636897401484
2013-08-01,48.08433145833518
2013-08-02,48.134895152421166
2013-08-05,48.127656530553736
2013-08-06,47.98137557317333
2013-08-07,48.328173269050325
2013-08-08,48.57742710942894
2013-08-09,48.55034395429826
2013-08-12,48.54672063620565
2013-08-13,47.835074140339884
2013-08-14,47.74656737794111
2013-08-15,47.32929456312986
2013-08-16,47.15229380468291
2013-08-19,46.76217178126643
2013-08-20,46.90122623559001
2013-08-21,46.717000280013714
2013-08-22,46.6339063067974
2013-08-23,47.1541204889919
2013-08-26,47.55867574444285
2013-08-27,47.96691629611376
2013-08-28,47.813376281692555
2013-08-29,47.85855199236997
2013-08-30,48.18652871779206
2013-09-03,47.456456612847695
2013-09-04,47.42023429535214
2013-09-05,46.93476145203764
2013-09-06,46.97638673729312
2013-09-09,47.21734201726663
2013-09-10,46.88220248022343
2013-09-11,46.90755053291223
2013-09-12,47.181080467783985
2013-09-13,47.14846734392503
2013-09-16,47.278887416953985
2013-09-17,47.21006955742807
2013-09-18,47.590516681781736
2013-09-19,47.68107907130544
2013-09-20,47.7191252810358
2013-09-23,47.91299057006836
2013-09-24,48.36224447795328
2013-09-25,48.539805358558475
2013-09-26,48.39487700164347
2013-09-27,48.46005849553528
2013-09-30,48.50195134243573
2013-10-01,48.487422943115234
2013-10-02,48.44562596220583
2013-10-03,48.329415872177336
2013-10-04,48.25131675801666
2013-10-07,48.4292837806342
2013-10-08,48.43656681351391
2013-10-09,48.296737192697314
2013-10-10,47.986190948181985
2013-10-11,48.343933524690215
2013-10-14,48.02250910019388
2013-10-15,47.960770846339074
2013-10-16,48.05700521256837
2013-10-17,48.670821356798086
2013-10-18,48.91779562706915
2013-10-21,48.683578125644075
2013-10-22,49.01952125320607
2013-10-23,49.382711365979965
2013-10-24,49.366365679713255
2013-10-25,49.319126502063384
2013-10-28,49.310058582148
2013-10-29,49.21742042411986
2013-10-30,49.235610183429436
2013-10-31,49.018914234250886
2013-11-01,48.720343179181576
2013-11-04,48.731275300415966
2013-11-05,48.24156635878917
2013-11-06,48.09044960945769
2013-11-07,48.30161886065579
2013-11-08,47.57706925013369
2013-11-11,47.278485318046435
2013-11-12,47.427787924376055
2013-11-13,47.67171293097198
2013-11-14,47.93390205013656
2013-11-15,48.01580293518764
2013-11-18,48.14506969008151
2013-11-19,48.0758741810745
2013-11-20,47.58801537806226
2013-11-21,47.20567585007711
2013-11-22,47.620747268969815
2013-11-25,47.78460575986112
2013-11-26,47.98120718697001
2013-11-27,47.81921133342092
2013-11-29,47.7797023859007
2013-12-02,47.671992194810485
2013-12-03,47.73226871206771
2013-12-04,47.310522523578115
2013-12-05,47.21011171163546
2013-12-06,47.26670070770668
2013-12-09,47.39267918966425
2013-12-10,47.757786817754386
2013-12-11,47.566097678398904
2013-12-12,47.34338232933925
2013-12-13,47.491260849589054
2013-12-16,47.52411376905636
2013-12-17,47.536902667326856
2013-12-18,47.34703545151955
2013-12-19,47.416411964638776
2013-12-20,47.77972735026904
2013-12-23,47.73591848867431
2013-12-24,47.439337265385824
2013-12-26,47.20324431397529
2013-12-27,47.07147083276552
2013-12-30,47.2489946662991
2013-12-31,47.04584593369453
2014-01-02,47.06780734394666
2014-01-03,47.08793692998869
2014-01-06,47.333151978479584
2014-01-07,47.44480944689653
2014-01-08,47.3130456610555
2014-01-09,47.51070850032569
2014-01-10,47.98651824023697
2014-01-13,48.2738515064286
2014-01-14,48.17499863491476
2014-01-15,47.94075890418492
2014-01-16,48.315914727622996
2014-01-17,48.436724589472504
2014-01-21,48.62887806857452
2014-01-22,48.53187098394631
2014-01-23,48.927193110473326
2014-01-24,49.35175984902527
2014-01-27,49.249252695917214
2014-01-28,49.13032763128139
2014-01-29,49.46523502836982
2014-01-30,49.40847744830078
2014-01-31,49.72692596404025
2014-02-03,49.98268897282449
2014-02-04,49.90560924944408
2014-02-05,49.53300767185477
2014-02-06,49.2668946282997
2014-02-07,49.20450136264793
2014-02-10,49.23752140736348
2014-02-11,49.12188416876826
2014-02-12,48.910811068881564
2014-02-13,49.15492257193132
2014-02-14,49.149415022139074
2014-02-18,49.28706920202673
2014-02-19,49.26321299668793
2014-02-20,49.00258950399646
2014-02-21,49.06317612009723
2014-02-24,49.16226419144646
2014-02-25,49.40085256249658
2014-02-26,49.5917547699359
2014-02-27,49.92578421768576
2014-02-28,49.91846076074143
2014-03-03,50.291458087695666
2014-03-04,49.83872762408623
2014-03-05,49.623403290439384
2014-03-06,49.35101305651745
2014-03-07,48.98849108306919
2014-03-10,49.065790877807366
2014-03-11,49.08788420293469
2014-03-12,49.492742904226255
2014-03-13,49.746683853467204
2014-03-14,50.22706152119428
2014-03-17,49.904968078711036
2014-03-18,49.83137148844858
2014-03-19,49.71726222929215
2014-03-20,49.53139850971167
2014-03-21,49.74302139371266
2014-03-24,50.09269502955938
2014-03-25,50.14234931920032
2014-03-26,50.29877268507613
2014-03-27,50.64659112463594
2014-03-28,50.510428074957346
2014-03-31,50.287732770892646
2014-04-01,50.03222150524594
2014-04-02,49.69093584124174
2014-04-03,49.86252353275063
2014-04-04,50.0894244132545
2014-04-07,50.40856628717749
2014-04-08,50.54325063330683
2014-04-09,50.42703673336719
2014-04-10,50.67424194474581
2014-04-11,51.10224764526082
2014-04-14,51.061671705045505
2014-04-15,51.25536712495964
2014-04-16,51.16496164566323
2014-04-17,51.07825988429538
2014-04-21,50.884560224012645
2014-04-22,50.86240074860259
2014-04-23,51.135462735817526
2014-04-24,51.16865776376733
2014-04-25,51.47488827154536
2014-04-28,51.20925039684044
2014-04-29,50.99523016402209
2014-04-30,51.22582803006125
2014-05-01,51.57594407058346
2014-05-02,51.877445548868174
2014-05-05,51.953295492991685
2014-05-06,51.91260219904517
2014-05-07,51.89778217420893
2014-05-08,51.79420706166071
2014-05-09,51.614780594728614
2014-05-12,51.344761810350164
2014-05-13,51.65732678371889
2014-05-14,52.184509637698895
2014-05-15,52.608070230320564
2014-05-16,52.539619913326476
2014-05-19,52.41939760767194
2014-05-20,52.17707934281131
2014-05-21,51.94588060196821
2014-05-22,51.938475397208734
2014-05-23,52.140096255276994
2014-05-27,52.28993875814976
2014-05-28,52.881798326348175
2014-05-29,52.91137536413014
2014-05-30,52.691299222957504
2014-06-02,52.43949892961571
2014-06-03,51.96298406337942
2014-06-04,51.7738555731397
2014-06-05,51.75901967040764
2014-06-06,51.914800140805
2014-06-09,51.751609464330826
2014-06-10,51.5513756096073
2014-06-11,51.65151186907286
2014-06-12,51.8443124623907
2014-06-13,51.942610907931815
2014-06-16,52.06683537194078
2014-06-17,51.846178164947645
2014-06-18,52.00007161274045
2014-06-19,51.838764703455965
2014-06-20,51.666317821438945
2014-06-23,51.84989883251671
2014-06-24,52.029759704917026
2014-06-25,52.30785951044681
2014-06-26,52.521077599261545
2014-06-27,52.628637324911516
2014-06-30,52.58043503672183
2014-07-01,52.25171262690962
2014-07-02,51.83535536152408
2014-07-03,51.4877501133754
2014-07-07,51.81487893116479
2014-07-08,52.242401728767376
2014-07-09,52.39110198310324
2014-07-10,52.61045382753808
2014-07-11,52.688505616303885
2014-07-14,52.604876610204904
2014-07-15,52.44501848923397
2014-07-16,52.58073884196499
2014-07-17,53.14207999206769
2014-07-18,53.235033863874506
2014-07-21,53.402314832374046
2014-07-22,53.370715666793096
2014-07-23,53.461807229875674
2014-07-24,53.12720052783741
2014-07-25,53.491546373141055
2014-07-28,53.500833993366626
2014-07-29,53.68484511711195
2014-07-30,53.19044191534526
2014-07-31,52.831677292361064
2014-08-01,53.077132713354395
2014-08-04,53.31940541408353
2014-08-05,53.25420262378713
2014-08-06,53.529949881556924
2014-08-07,53.613821976844996
2014-08-08,53.89519559378009
2014-08-11,53.78526348946469
2014-08-12,53.55603901173299
2014-08-13,53.62872082265696
2014-08-14,53.96600585402891
2014-08-15,54.502739096749366
2014-08-18,54.31637089831867
2014-08-19,54.21944816630627
2014-08-20,53.88401291794124
2014-08-21,54.090859593255445
2014-08-22,54.282820774090446
2014-08-25,54.56420622367261
2014-08-26,54.62383530681438
2014-08-27,54.74865423178824
2014-08-28,55.22014712095272
2014-08-29,55.182894646028224
2014-09-02,55.4578912500601
2014-09-03,54.37636060369124
2014-09-04,54.17463670898379
2014-09-05,54.019589792121835
2014-09-08,54.062542687678786
2014-09-09,53.84022377384178
2014-09-10,53.59741428417485
2014-09-11,53.569391107754264
2014-09-12,52.94552927606989
2014-09-15,53.00526987284821
2014-09-16,52.90440208311838
2014-09-17,52.824102972613154
2014-09-18,52.801690506416264
2014-09-19,53.132299621105076
2014-09-22,53.46106250284067
2014-09-23,53.638494801553364
2014-09-24,53.59369524292323
2014-09-25,53.93740340202596
2014-09-26,53.9822019121211
2014-09-29,54.39875320654988
2014-09-30,54.17463394556316
2014-10-01,54.80137384332848
2014-10-02,54.771407090490456
2014-10-03,54.659093155078956
2014-10-06,54.82014679370628
2014-10-07,55.28825882985748
2014-10-08,55.447393302662
2014-10-09,55.45490873355179
2014-10-10,55.67207925064693
2014-10-13,56.054085207768594
2014-10-14,56.4098535859484
2014-10-15,57.847917138094516
2014-10-16,57.065203402166524
2014-10-17,56.31435639384228
2014-10-20,56.47163539854412
2014-10-21,56.18141638633263
2014-10-22,56.08218476155545
2014-10-23,55.769450341647556
2014-10-24,55.82937524449973
2014-10-27,55.855612370741945
2014-10-28,55.57661853515737
2014-10-29,55.518528410473564
2014-10-30,55.8031776717298
2014-10-31,55.554109630819696
2014-11-03,55.44642397930806
2014-11-04,55.66981313669688
2014-11-05,55.50837460758849
2014-11-06,55.26811949379592
2014-11-07,55.57032733568847
2014-11-10,55.529030184681545
2014-11-11,55.3094315148288
2014-11-12,55.472732284181
2014-11-13,55.40140998036013
2014-11-14,55.542133369625255
2014-11-17,55.673536024195705
2014-11-18,55.65663012779477
2014-11-19,55.510243403092005
2014-11-20,55.72049425307497
2014-11-21,55.83497259895133
2014-11-24,55.88001968846614
2014-11-25,56.22729628598218
2014-11-26,56.60081984756874
2014-11-28,56.901101976450434
2014-12-01,56.95526519180228
2014-12-02,56.26487758160211
2014-12-03,56.23100264347647
2014-12-04,56.57714669064933
2014-12-05,56.55080180128809
2014-12-08,56.88941990356838
2014-12-09,57.43496948280838
2014-12-10,57.58550853190181
2014-12-11,57.69841736951446
2014-12-12,58.48100507309837
2014-12-15,58.5543703703613
2014-12-16,59.081108636341014
2014-12-17,58.782016569986915
2014-12-18,57.96928358461625
2014-12-19,58.20822330092768
2014-12-22,58.43396953084875
2014-12-23,57.902598611094426
2014-12-24,57.54054307833288
2014-12-26,57.88562981872897
2014-12-29,58.285440750584314
2014-12-30,58.59276418921309
2014-12-31,58.600299235474914
2015-01-02,59.04153495044522
2015-01-05,59.79392834464778
2015-01-06,60.85365855866243
2015-01-07,60.75373014909508
2015-01-08,60.31622147588517
2015-01-09,60.35396188350594
2015-01-12,60.972420623736284
2015-01-13,61.040319100443064
2015-01-14,61.73235897024858
2015-01-15,61.98500292887694
2015-01-16,61.952996206307844
2015-01-20,62.254719076919535
2015-01-21,62.124605678105034
2015-01-22,61.681473251372864
2015-01-23,62.21696332606131
2015-01-26,62.23583217449817
2015-01-27,62.486598234670566
2015-01-28,62.818547416418326
2015-01-29,62.833582860333046
2015-01-30,63.6349280374872
2015-02-02,63.42959733932669
2015-02-03,62.55479983370264
2015-02-04,62.13163100088957
2015-02-05,62.00501338531886
2015-02-06,61.10569709455832
2015-02-09,60.965864538656255
2015-02-10,60.37825885072522
2015-02-11,60.30270083768738
2015-02-12,60.31780756810135
2015-02-13,59.91161990120973
2015-02-17,59.1275495447507
2015-02-18,59.08220834973385
2015-02-19,58.98771394104472
2015-02-20,59.14641809268982
2015-02-23,59.36749841375431
2015-02-24,59.769916858510236
2015-02-25,60.298902018864425
2015-02-26,60.0646639245487
2015-02-27,60.07407494543322
2015-03-02,59.63410888037435
2015-03-03,59.13613061743848
2015-03-04,59.12476121308606
2015-03-05,59.02439471877478
2015-03-06,57.96976200422209
2015-03-09,58.24428486614964
2015-03-10,58.859665027168596
2015-03-11,59.16830634238428
2015-03-12,59.480744007410316
2015-03-13,59.223231254303556
2015-03-16,59.611375761265805
2015-03-17,59.98248551283179
2015-03-18,60.71339146475296
2015-03-19,60.950041083271245
2015-03-20,61.11856135022552
2015-03-23,61.18673413194723
2015-03-24,61.519976623374674
2015-03-25,61.6934360798502
2015-03-26,60.86659664353452
2015-03-27,61.00915446412698
2015-03-30,61.041465977526485
2015-03-31,60.98063021504495
2015-04-01,61.73433493128945
2015-04-02,61.507673079034966
2015-04-06,61.24861487745773
2015-04-07,61.22959873302072
2015-04-08,61.31720832753392
2015-04-09,60.99724014463821
2015-04-10,60.94965879490765
2015-04-13,60.7953580972433
2015-04-14,61.427660886586196
2015-04-15,61.3038824366345
2015-04-16,61.05813761578872
2015-04-17,61.2696141398638
2015-04-20,61.20293879121274
2015-04-21,60.94962478906675
2015-04-22,60.36106486399841
2015-04-23,60.15538238372825
2015-04-24,60.53634409476349
2015-04-27,60.547726983010456
2015-04-28,60.05827765268326
2015-04-29,59.20310273010832
2015-04-30,59.03549723913004
2015-05-01,58.620983632450745
2015-05-04,58.35183628295865
2015-05-05,57.8764819935364
2015-05-06,57.30949392017132
2015-05-07,57.544312971535504
2015-05-08,58.0807443496587
2015-05-11,57.08996639381427
2015-05-12,56.66235154180671
2015-05-13,56.70243446463283
2015-05-14,56.465736096266845
2015-05-15,57.275163544713934
2015-05-18,56.83418805983686
2015-05-19,56.257678957762394
2015-05-20,56.32636101438446
2015-05-21,56.88187381101045
2015-05-22,57.034603803996745
2015-05-26,57.58056439049075
2015-05-27,57.84786530363559
2015-05-28,57.918453716566354
2015-05-29,58.113170326959136
2015-06-01,57.61263134314737
2015-06-02,56.84731907273731
2015-06-03,56.016979563036074
2015-06-04,56.36518748133346
2015-06-05,55.99022988533984
2015-06-08,55.94429940850329
2015-06-09,55.513824367913955
2015-06-10,55.03937138657699
2015-06-11,55.6955780021331
2015-06-12,56.08587094417406
2015-06-15,56.25233715780852
2015-06-16,56.355657959202006
2015-06-17,56.14901737534594
2015-06-18,55.823777468576615
2015-06-19,56.45321863976173
2015-06-22,55.81227309188027
2015-06-23,55.272777203454844
2015-06-24,55.57887689819224
2015-06-25,55.490862308298176
2015-06-26,54.97048944678468
2015-06-29,55.93474735904125
2015-06-30,55.98063715600386
2015-07-01,55.278107132436965
2015-07-02,55.45263618430262
2015-07-06,56.225549744368365
2015-07-07,56.91215077675009
2015-07-08,57.1480533515709
2015-07-09,56.407744721847195
2015-07-10,55.39891537698422
2015-07-13,55.195653940037346
2015-07-14,55.34138879055349
2015-07-15,55.68662952234912
2015-07-16,56.05870646955484
2015-07-17,56.46147918084399
2015-07-20,56.311859118862365
2015-07-21,56.3214761513353
2015-07-22,56.83734428842084
2015-07-23,57.21708779520477
2015-07-24,57.6985321383604
2015-07-27,57.965084172344994
2015-07-28,57.61411384512495
2015-07-29,57.414681433823134
2015-07-30,57.708121858886315
2015-07-31,58.18755716879518
2015-08-03,58.49595003264561
2015-08-04,58.44786697119979
2015-08-05,57.87505306051053
2015-08-06,58.186457399107596
2015-08-07,58.84193452418189
2015-08-10,58.507476447999544
2015-08-11,59.164847172941556
2015-08-12,59.236018768667904
2015-08-13,58.7938813037639
2015-08-14,58.80351788690442
2015-08-17,59.16869711548448
2015-08-18,58.77273422621751
2015-08-19,58.863059640300555
2015-08-20,59.66273147900711
2015-08-21,59.91257258142142
2015-08-24,60.44319993115492
2015-08-25,59.04569358208368
2015-08-26,58.25372410723121
2015-08-27,58.084589497249766
2015-08-28,58.397900454058785
2015-08-31,58.25182424302375
2015-09-01,58.04469237039964
2015-09-02,57.896339300340145
2015-09-03,57.89247078330654
2015-09-04,58.40879976296463
2015-09-08,57.840527077571714
2015-09-09,57.59388407866453
2015-09-10,57.65359541798492
2015-09-11,57.969541567114504
2015-09-14,58.069759874793824
2015-09-15,57.351172444563545
2015-09-16,56.842568533597294
2015-09-17,57.19125998218062
2015-09-18,58.07743620657258
2015-09-21,57.58426072335202
2015-09-22,58.13525731220768
2015-09-23,58.04279022069752
2015-09-24,58.68235435344381
2015-09-25,58.06585669596811
2015-09-28,58.63419488112343
2015-09-29,59.02336234349397
2015-09-30,58.89235173913927
2015-10-01,59.21824205222585
2015-10-02,59.755065045130465
2015-10-05,58.99427335942652
2015-10-06,58.814678453587135
2015-10-07,58.795377935317866
2015-10-08,58.65441256891142
2015-10-09,58.436225873572155
2015-10-12,58.915074620860246
2015-10-13,59.00007079382621
2015-10-14,59.30322431033536
2015-10-15,59.32061372746804
2015-10-16,59.3051672730261
2015-10-19,59.07150169474899
2015-10-20,58.71428026668572
2015-10-21,59.162246043822044
2015-10-22,59.30129516859748
2015-10-23,58.87455309371485
2015-10-26,59.22017339792376
2015-10-27,59.46541804673606
2015-10-28,59.21055877665367
2015-10-29,58.561738102570395
2015-10-30,58.55402654747733
2015-11-02,58.2643700623563
2015-11-03,58.011440255100176
2015-11-04,57.92641785170083
2015-11-05,57.789339565997196
2015-11-06,57.076831051012796
2015-11-09,56.71767268742692
2015-11-10,56.92432455905717
2015-11-11,56.777561637470676
2015-11-12,57.005403306164894
2015-11-13,57.295053626082435
2015-11-16,57.30468763253227
2015-11-17,57.18689110152782
2015-11-18,57.37417602090729
2015-11-19,57.835697174072266
2015-11-20,57.75848126739265
2015-11-23,57.7487913574222
2015-11-24,57.84728440575469
2015-11-25,57.94189690421169
2015-11-27,57.91679052062428
2015-11-30,57.978596871190966
2015-12-01,58.45295529657409
2015-12-02,58.735543195347304
2015-12-03,57.686554446881495
2015-12-04,57.62271173018012
2015-12-07,58.18201977776608
2015-12-08,58.420070044527435
2015-12-09,58.162681562405304
2015-12-10,58.32522876696581
2015-12-11,59.08781107370472
2015-12-14,58.67940419951158
2015-12-15,58.052349982176885
2015-12-16,58.048514125073496
2015-12-17,58.48394454149453
2015-12-18,58.91359476882981
2015-12-21,58.96779513883042
2015-12-22,58.56717593662667
2015-12-23,58.06160881350881
2015-12-24,58.306163827082536
2015-12-28,58.56617540617032
2015-12-29,58.03248179095902
2015-12-30,57.642463091644245
2015-12-31,57.89277009758328
2016-01-04,58.523507316232894
2016-01-05,58.07909804367181
2016-01-06,58.70005636637301
2016-01-07,58.799026596443944
2016-01-08,58.93098624709284
2016-01-11,58.62826863720967
2016-01-12,59.064880098444945
2016-01-13,59.60241807779265
2016-01-14,59.5461770687293
2016-01-15,60.13608347995744
2016-01-19,60.085652162900246
2016-01-20,60.807490262438314
2016-01-21,60.53002992051566
2016-01-22,59.949787603419374
2016-01-25,60.370913552440015
2016-01-26,60.39614373389455
2016-01-27,60.277738799365785
2016-01-28,60.32239426298545
2016-01-29,60.99189759700486
2016-02-01,60.80843395938679
2016-02-02,61.59968186352714
2016-02-03,61.63079092216449
2016-02-04,61.53165273392082
2016-02-05,61.53745928020907
2016-02-08,62.563990661945454
2016-02-09,63.06557941969261
2016-02-10,63.197777043888394
2016-02-11,64.12902568315616
2016-02-12,63.21331555696908
2016-02-16,62.40450763586915
2016-02-17,61.996299645610115
2016-02-18,62.34818982425969
2016-02-19,62.77199133015295
2016-02-22,62.702019603475584
2016-02-23,62.56788546882875
2016-02-24,63.17055164244079
2016-02-25,63.08502568376369
2016-02-26,62.451254168229646
2016-02-29,62.58727888205017
2016-03-01,62.21779583859713
2016-03-02,61.740567054479726
2016-03-03,62.03665919612685
2016-03-04,61.71327825081714
2016-03-07,61.639270729000046
2016-03-08,62.508059034093385
2016-03-09,61.98992448003582
2016-03-10,61.837919696432664
2016-03-11,61.4561343398567
2016-03-14,61.40940539473121
2016-03-15,61.51072443228034
2016-03-16,61.41720219962987
2016-03-17,61.822372976665456
2016-03-18,61.960693069927736
2016-03-21,61.55744499443088
2016-03-22,61.668492078519535
2016-03-23,61.88862495161406
2016-03-24,62.299642507688574
2016-03-28,62.19444417427002
2016-03-29,62.605475101633715
2016-03-30,62.239282112649526
2016-03-31,62.51391269521651
2016-04-01,62.80215867186948
2016-04-04,62.809962749323454
2016-04-05,63.43657775940697
2016-04-06,63.120282420990016
2016-04-07,63.63954003249651
2016-04-08,63.43650567597265
2016-04-11,63.24522292636938
2016-04-12,62.97393023367278
2016-04-13,62.993442476995924
2016-04-14,62.9231442368978
2016-04-15,63.23935515331928
2016-04-18,63.29206866021987
2016-04-19,62.92318402567725
2016-04-20,62.694810533077614
2016-04-21,61.89251117405654
2016-04-22,61.880813365201384
2016-04-25,61.63684077671102
2016-04-26,61.37916999356295
2016-04-27,61.691476801184024
2016-04-28,62.09161875661118
2016-04-29,62.1209324836731
2016-05-02,61.96291108144499
2016-05-03,62.44800411034128
2016-05-04,62.54391650277887
2016-05-05,62.87249259960353
2016-05-06,62.93509973842309
2016-05-09,62.93511638210463
2016-05-10,63.0368383183426
2016-05-11,63.230513391413666
2016-05-12,63.0231383031404
2016-05-13,63.50237864965762
2016-05-16,63.26965417507274
2016-05-17,63.31268236776653
2016-05-18,62.69058336464251
2016-05-19,62.61232257108928
2016-05-20,62.639796349952746
2016-05-23,62.81383745316
2016-05-24,62.54778163114971
2016-05-25,62.50279126459365
2016-05-26,62.67495008910318
2016-05-27,62.682751831491316
2016-05-31,62.54583788192399
2016-06-01,63.057552635693774
2016-06-02,63.28100059783203
2016-06-03,64.11211247045154
2016-06-06,63.996446853297456
2016-06-07,64.01800380481839
2016-06-08,64.20029518711425
2016-06-09,64.68446806223474
2016-06-10,64.94123471867726
2016-06-13,65.18235443113427
2016-06-14,65.37441850995542
2016-06-15,65.39205765869342
2016-06-16,65.82521308505409
2016-06-17,65.427375135514
2016-06-20,64.68250831003377
2016-06-21,64.6080480395628
2016-06-22,64.44530009784738
2016-06-23,63.98861520728845
2016-06-24,65.61354543769865
2016-06-27,66.8484247126317
2016-06-28,67.06602578265202
2016-06-29,66.90331392524497
2016-06-30,66.81708598221113
2016-07-01,67.59966440469132
2016-07-05,68.4265855903356
2016-07-06,68.60536139401893
2016-07-07,68.51498270216852
2016-07-08,68.84499246460564
2016-07-11,68.65835663701036
2016-07-12,67.55259389653061
2016-07-13,68.02787790414982
2016-07-14,67.22458811927599
2016-07-15,66.77680281200708
2016-07-18,66.74728282304484
2016-07-19,66.93783294922451
2016-07-20,66.62943305586363
2016-07-21,66.44288179913977
2016-07-22,66.69821073026176
2016-07-25,66.88874298033446
2016-07-26,66.94958678904617
2016-07-27,67.53294400156757
2016-07-28,67.49369158079801
2016-07-29,67.84130660838822
2016-08-01,67.49125138135014
2016-08-02,66.70019195202583
2016-08-03,66.80250584715913
2016-08-04,67.37709265418309
2016-08-05,66.85759543277322
2016-08-08,66.57027482150555
2016-08-09,67.1074884767529
2016-08-10,67.5148730447722
2016-08-11,67.2176898963447
2016-08-12,67.61127665520195
2016-08-15,67.07402777208772
2016-08-16,66.86545108790958
2016-08-17,67.036678210613
2016-08-18,67.1606731878194
2016-08-19,66.8733619916409
2016-08-22,67.3948120581193
2016-08-23,67.53844877691273
2016-08-24,67.42624194965377
2016-08-25,67.2059114474923
2016-08-26,67.14686723471884
2016-08-29,67.37314805028792
2016-08-30,67.49122651885753
2016-08-31,67.36922100328304
2016-09-01,67.30521124630891
2016-09-02,67.02522125437048
2016-09-06,67.28348445430143
2016-09-07,67.61671092418358
2016-09-08,66.86946364748731
2016-09-09,65.74168735924611
2016-09-12,65.61157738997159
2016-09-13,65.33360514426835
2016-09-14,65.0753058041587
2016-09-15,64.77562284638972
2016-09-16,65.20743179305262
2016-09-19,65.19163336272557
2016-09-20,65.3986325572429
2016-09-21,65.50114636775075
2016-09-22,66.38841798731619
2016-09-23,66.27797367350584
2016-09-26,66.4869899912539
2016-09-27,67.33673399996042
2016-09-28,67.00352537567555
2016-09-29,66.8142427319844
2016-09-30,66.70586959215986
2016-10-03,66.5092655416776
2016-10-04,65.88699362308985
2016-10-05,65.35952820259865
2016-10-06,65.21533066779749
2016-10-07,64.98022564206563
2016-10-10,64.5693373073831
2016-10-11,64.55548744511944
2016-10-12,64.45671156609447
2016-10-13,64.88146223073971
2016-10-14,64.18210970910258
2016-10-17,64.28091535008058
2016-10-18,64.30263610851935
2016-10-19,64.490301285718
2016-10-20,64.74909916332615
2016-10-21,64.78068337946856
2016-10-24,64.58313639360416
2016-10-25,64.51004691761105
2016-10-26,64.28878884531235
2016-10-27,63.55987741025838
2016-10-28,63.457124934886075
2016-10-31,63.69812876528345
2016-11-01,63.608887730154656
2016-11-02,64.01067868686842
2016-11-03,63.70589809953436
2016-11-04,64.0087213624335
2016-11-07,63.62078468872811
2016-11-08,63.545539837887674
2016-11-09,61.407786388523164
2016-11-10,60.38835093012998
2016-11-11,59.92318907396946
2016-11-14,59.727228711311895
2016-11-15,59.824267448593176
2016-11-16,60.020163568364495
2016-11-17,59.531258576879864
2016-11-18,59.33133938345698
2016-11-21,59.359066546885366
2016-11-22,59.49166575908828
2016-11-23,58.87410872185998
2016-11-25,59.18882399763577
2016-11-28,59.39867302742364
2016-11-29,59.61637915704985
2016-11-30,58.80677747004714
2016-12-01,58.242157158314676
2016-12-02,58.61708702038537
2016-12-05,58.52780428307432
2016-12-06,58.626980838471034
2016-12-07,58.91862326620622
2016-12-08,58.33540041903683
2016-12-09,57.926741869410435
2016-12-12,57.60140149713615
2016-12-13,57.938646697950766
2016-12-14,57.88507111818749
2016-12-15,57.658972495662866
2016-12-16,57.55978043994099
2016-12-19,57.97434257159472
2016-12-20,57.718445789976904
2016-12-21,57.94261318327565
2016-12-22,57.90170380042967
2016-12-23,58.07075164218567
2016-12-27,57.7764222745416
2016-12-28,58.134438123290984
2016-12-29,58.381043847752125
2016-12-30,58.548116132743736
2017-01-03,58.520211787555965
2017-01-04,58.8643152102348
2017-01-05,59.4689411702431
2017-01-06,59.42120712355974
2017-01-09,59.75728347384772
2017-01-10,59.70361375014546
2017-01-11,59.862772626840524
2017-01-12,60.05565049358534
2017-01-13,59.512689204166
2017-01-17,60.157060702578676
2017-01-18,59.56242251512731
2017-01-19,59.02343718370979
2017-01-20,58.79472394403984
2017-01-23,59.331692542814885
2017-01-24,59.14673981211739
2017-01-25,58.520263863418045
2017-01-26,58.428777115654086
2017-01-27,58.71715317053193
2017-01-30,58.67335169569872
2017-01-31,58.87028946319501
2017-02-01,58.70389091198953
2017-02-02,58.849352354744696
2017-02-03,58.691917705562894
2017-02-06,58.97092174529632
2017-02-07,59.202122055998835
2017-02-08,59.913533639122704
2017-02-09,59.61463254678878
2017-02-10,59.28779073042187
2017-02-13,59.17618416061159
2017-02-14,58.956990411431605
2017-02-15,58.58034951437696
2017-02-16,58.86728861337445
2017-02-17,59.303724896132145
2017-02-21,59.10843933293289
2017-02-22,59.299765640610765
2017-02-23,59.39540129861328
2017-02-24,59.90758207773134
2017-02-27,59.861715293535234
2017-02-28,59.89362464497534
2017-03-01,58.92001718530474
2017-03-02,58.72626055967223
2017-03-03,58.75825156697365
2017-03-06,58.71827406537568
2017-03-07,58.50459031016187
2017-03-08,58.06715721084871
2017-03-09,57.843451024231115
2017-03-10,57.84145402016067
2017-03-13,57.68565527441462
2017-03-14,57.78154707699219
2017-03-15,58.28486069282741
2017-03-16,58.242923736572266
2017-03-17,58.45464299412819
2017-03-20,58.700329657221886
2017-03-21,59.033883449768204
2017-03-22,59.57318164919619
2017-03-23,59.49925195287099
2017-03-24,59.50924601329671
2017-03-27,59.99060681303937
2017-03-28,59.77087241929783
2017-03-29,59.75891694764982
2017-03-30,59.569143700907176
2017-03-31,59.47726874463844
2017-04-03,59.88741270219208
2017-04-04,59.95147900281694
2017-04-05,59.82537996010868
2017-04-06,59.90342508624467
2017-04-07,60.029542210358684
2017-04-10,59.96947553866352
2017-04-11,60.3898151742142
2017-04-12,60.68403756042359
2017-04-13,60.99427278022236
2017-04-17,60.90619868192613
2017-04-18,61.434622225146725
2017-04-19,61.270474914070185
2017-04-20,61.082337998179526
2017-04-21,61.142383187115364
2017-04-24,60.68204759433786
2017-04-25,60.26772688177788
2017-04-26,60.2657756706338
2017-04-27,60.33572887368595
2017-04-28,60.35378625384229
2017-05-01,60.17812445460376
2017-05-02,60.10992288615954
2017-05-03,60.438934875958
2017-05-04,60.00559961050044
2017-05-05,60.09587654209315
2017-05-08,59.903317197000185
2017-05-09,59.692662873552976
2017-05-10,59.82305756246045
2017-05-11,59.60438669407547
2017-05-12,60.071815458619945
2017-05-15,59.993598624834235
2017-05-16,60.17615304010615
2017-05-17,60.90630241812685
2017-05-18,61.205221533489244
2017-05-19,61.12094691818817
2017-05-22,61.11492936571903
2017-05-23,60.932404447047254
2017-05-24,60.87621490585235
2017-05-25,60.972497782353585
2017-05-26,61.1510405971003
2017-05-30,61.38977405411079
2017-05-31,61.52815562245849
2017-06-01,61.47179001956516
2017-06-02,62.17740964931025
2017-06-05,61.90801263427096
2017-06-06,62.26383142461411
2017-06-07,62.04870519036193
2017-06-08,61.8215999264209
2017-06-09,61.644644514610725
2017-06-12,61.71102217090992
2017-06-13,61.62658941865648
2017-06-14,62.529179516293524
2017-06-15,62.50108266327642
2017-06-16,62.55333961008923
2017-06-19,62.56941058581029
2017-06-20,62.895121118932835
2017-06-21,63.08001893217902
2017-06-22,63.246917236310765
2017-06-23,63.20064127490023
2017-06-26,63.52837886212417
2017-06-27,62.9654429525585
2017-06-28,62.613651978529276
2017-06-29,62.07693263114514
2017-06-30,62.012545029490724
2017-07-03,61.845387939237284
2017-07-05,61.74470332850807
2017-07-06,61.27932478319758
2017-07-07,61.06179280505652
2017-07-10,61.09200535406372
2017-07-11,61.13427466055893
2017-07-12,61.53520646988836
2017-07-13,61.29949837217655
2017-07-14,61.48884780329242
2017-07-17,61.400212442734606
2017-07-18,61.91190112172385
2017-07-19,62.02876841423098
2017-07-20,62.26844403765338
2017-07-21,62.46990929143638
2017-07-24,62.278508560798244
2017-07-25,61.57345491373632
2017-07-26,61.440513551668026
2017-07-27,61.24913252677229
2017-07-28,61.47476546990496
2017-07-31,61.53721630380781
2017-08-01,61.74008306525712
2017-08-02,62.1640832185515
2017-08-03,62.55584562530788
2017-08-04,62.210567238193406
2017-08-07,62.200460182609476
2017-08-08,62.08534820409123
2017-08-09,62.513380700613595
2017-08-10,62.70926441846018
2017-08-11,62.729474431921005
2017-08-14,62.672941358536846
2017-08-15,62.24488039388969
2017-08-16,62.35391738612625
2017-08-17,62.745594205251024
2017-08-18,63.04847506417799
2017-08-21,63.08683060618986
2017-08-22,62.97982331508244
2017-08-23,63.205973560749975
2017-08-24,63.11310192320582
2017-08-25,63.23021184326951
2017-08-28,63.22619146472723
2017-08-29,63.676390988984
2017-08-30,63.4643941821285
2017-08-31,63.5754764074794
2017-09-01,63.29407080079629
2017-09-05,63.907109294182355
2017-09-06,63.93748075214492
2017-09-07,64.16607612852549
2017-09-08,64.26118343810614
2017-09-11,63.656205154930966
2017-09-12,63.261658747694504
2017-09-13,63.10185156546637
2017-09-14,63.10590430304643
2017-09-15,63.22120651927012
2017-09-18,62.96424889933341
2017-09-19,62.84489703218513
2017-09-20,62.749751464007524
2017-09-21,62.83880308273687
2017-09-22,62.98853070015379
2017-09-25,63.1665835027314
2017-09-26,63.17465518819664
2017-09-27,62.33296899776329
2017-09-28,62.04565734050192
2017-09-29,62.225694148832055
2017-10-02,62.24194944370141
2017-10-03,62.09185727943962
2017-10-04,62.17701867647743
2017-10-05,62.02290361276552
2017-10-06,61.7673929187733
2017-10-09,61.92965658791039
2017-10-10,62.12837099788496
2017-10-11,62.22775978358709
2017-10-12,62.31901569699346
2017-10-13,62.77933461313178
2017-10-16,62.773252155007235
2017-10-17,62.799615522660815
2017-10-18,62.47310487009632
2017-10-19,62.75296199685978
2017-10-20,61.97831501346623
2017-10-23,62.10202747184588
2017-10-24,61.74103270368751
2017-10-25,61.386147750693304
2017-10-26,61.42062635418446
2017-10-27,61.56254060666549
2017-10-30,62.05132375991443
2017-10-31,62.2440052381823
2017-11-01,62.394434175407326
2017-11-02,62.66262318103204
2017-11-03,62.83538420512943
2017-11-06,63.07713911713503
2017-11-07,63.262051028635796
2017-11-08,63.25191026239522
2017-11-09,62.99588223536075
2017-11-10,62.30097645152877
2017-11-13,62.36400434729898
2017-11-14,62.55497690149422
2017-11-15,63.15848192474013
2017-11-16,62.926800721326785
2017-11-17,63.14219390215647
2017-11-20,63.09136657166072
2017-11-21,63.424623292837545
2017-11-22,63.43680926526274
2017-11-24,63.45311495748189
2017-11-27,63.38196597165335
2017-11-28,63.43278241489266
2017-11-29,62.825174665516826
2017-11-30,62.61389888446615
2017-12-01,63.28186024744817
2017-12-04,63.25946101832791
2017-12-05,63.57103080468911
2017-12-06,64.02719067971876
2017-12-07,63.76446961249699
2017-12-08,63.43055518559296
2017-12-11,63.459019413667086
2017-12-12,63.224825763369694
2017-12-13,63.64432856338644
2017-12-14,63.81744795900858
2017-12-15,64.12896258843578
2017-12-18,63.85407882723537
2017-12-19,63.055788684572136
2017-12-20,62.29216268023566
2017-12-21,62.43470286746039
2017-12-22,62.703530193026275
2017-12-26,62.85956563610161
2017-12-27,63.38821596113065
2017-12-28,63.52093745798605
2017-12-29,63.61280904032724
2018-01-02,63.23718342648657
2018-01-03,63.222923885714174
2018-01-04,63.159618377279
2018-01-05,63.153485269469044
2018-01-08,63.11472777993927
2018-01-09,62.44103717594701
2018-01-10,61.93685698951114
2018-01-11,62.2451037169448
2018-01-12,62.42882194197985
2018-01-16,62.777885420437265
2018-01-17,62.74727063837032
2018-01-18,62.17160737221061
2018-01-19,61.88583430201754
2018-01-22,61.92867371218485
2018-01-23,62.1062839694482
2018-01-24,61.69593027701951
2018-01-25,62.02054590452749
2018-01-26,62.0491097921391
2018-01-29,61.704150642604546
2018-01-30,61.38977596704001
2018-01-31,61.58164460953833
2018-02-01,61.2439603618997
2018-02-02,60.36222659051429
2018-02-05,60.36633874040565
2018-02-06,60.46659335630625
2018-02-07,60.124939293537814
2018-02-08,59.656491159316474
2018-02-09,59.49897824378122
2018-02-12,59.73219909085925
2018-02-13,59.79561020584397
2018-02-14,59.47237697301457
2018-02-15,59.59512067861543
2018-02-16,59.82629375301967
2018-02-20,59.58487867781639
2018-02-21,59.20439157331743
2018-02-22,59.06937808475529
2018-02-23,59.43761463225853
2018-02-26,59.6790225603683
2018-02-27,59.51329429874582
2018-02-28,59.72398225492789
2018-03-01,59.98253140299561
2018-03-02,59.85750872709344
2018-03-05,59.703767014711055
2018-03-06,59.71812918570188
2018-03-07,59.720166181585874
2018-03-08,59.84314962570546
2018-03-09,59.55415342286429
2018-03-12,59.783713568379
2018-03-13,59.935389074234706
2018-03-14,60.472474979797646
2018-03-15,60.61800972479452
2018-03-16,60.40480909920815
2018-03-19,60.277725237493634
2018-03-20,60.0235303807616
2018-03-21,59.93129462917017
2018-03-22,60.66309020373818
2018-03-23,60.538075298602905
2018-03-26,60.51753303111339
2018-03-27,60.75121992182949
2018-03-28,61.20017574470305
2018-03-29,61.44409951046581
2018-04-02,61.5076388510312
2018-04-03,61.23230344545924
2018-04-04,61.16447130484935
2018-04-05,60.66520901739332
2018-04-06,61.078179085446095
2018-04-09,61.12957687166934
2018-04-10,61.219961195891166
2018-04-11,61.49527768903283
2018-04-12,61.0494082230385
2018-04-13,61.03094703830245
2018-04-16,60.92616166380543
2018-04-17,61.21378753980637
2018-04-18,61.028896036277985
2018-04-19,60.2933077080475
2018-04-20,60.02827669177038
2018-04-23,59.86184027359501
2018-04-24,59.72831751830416
2018-04-25,59.33586814494086
2018-04-26,59.602961744613246
2018-04-27,60.00156505354977
2018-04-30,60.252213416704485
2018-05-01,60.067281807021615
2018-05-02,60.04462525871877
2018-05-03,60.2464227084396
2018-05-04,60.29383013982851
2018-05-07,60.227899251439055
2018-05-08,60.100220431423665
2018-05-09,59.884014596798046
2018-05-10,60.15172118294595
2018-05-11,60.37413483112485
2018-05-14,60.157915222653635
2018-05-15,59.43095636354279
2018-05-16,59.360910287344154
2018-05-17,59.02733694064398
2018-05-18,59.245618816079826
2018-05-21,59.37123641984211
2018-05-22,59.379449332300624
2018-05-23,59.72953877337506
2018-05-24,60.18673981716029
2018-05-25,60.57798823718021
2018-05-29,61.50055754648622
2018-05-30,61.342020794966984
2018-05-31,61.49853423791538
2018-06-01,61.01004792161652
2018-06-04,60.7932865559522
2018-06-05,60.83871514033035
2018-06-06,60.33920042638565
2018-06-07,60.63438889398498
2018-06-08,60.70455775661203
2018-06-11,60.500196821763595
2018-06-12,60.49194060164972
2018-06-13,60.52704308695817
2018-06-14,60.879969527089514
2018-06-15,61.19989253862023
2018-06-18,61.06572997750165
2018-06-19,61.3794548522915
2018-06-20,61.07191775462357
2018-06-21,61.12352110336375
2018-06-22,61.073999909864
2018-06-25,61.32375092202737
2018-06-26,61.31964232121362
2018-06-27,61.83564078883661
2018-06-28,61.91199371667404
2018-06-29,61.887248740238114
2018-07-02,61.81472926760721
2018-07-03,61.89953331202153
2018-07-05,62.14782222002236
2018-07-06,62.379511389024024
2018-07-09,62.03607101295445
2018-07-10,62.00296894416256
2018-07-11,62.19332342986225
2018-07-12,62.17056526668112
2018-07-13,62.36294579913117
2018-07-16,62.07331414245873
2018-07-17,62.089896754611416
2018-07-18,61.88716269489544
2018-07-19,62.04642075644912
2018-07-20,61.611991939058555
2018-07-23,60.95000531630737
2018-07-24,60.78863913611237
2018-07-25,60.929316040291674
2018-07-26,60.798968181294605
2018-07-27,60.86722765279397
2018-07-30,60.61897312750705
2018-07-31,60.91894601934387
2018-08-01,60.402661091485456
2018-08-02,60.47110515709443
2018-08-03,60.713697640429785
2018-08-06,60.92935157969386
2018-08-07,60.628672081508384
2018-08-08,60.59136272326347
2018-08-09,60.95217141782605
2018-08-10,61.49133848664743
2018-08-13,61.3814276851285
2018-08-14,61.37313944500833
2018-08-15,61.60541509708297
2018-08-16,61.56186605069405
2018-08-17,61.719450971539466
2018-08-20,62.04707446580218
2018-08-21,61.866684403894865
2018-08-22,62.11759912176686
2018-08-23,62.18602030490213
2018-08-24,62.14870354281466
2018-08-27,62.02843070110279
2018-08-28,61.64891534429523
2018-08-29,61.65723784039494
2018-08-30,61.831427472603636
2018-08-31,61.90815618753727
2018-09-04,61.32246091121764
2018-09-05,61.19982908081076
2018-09-06,61.31833322379577
2018-09-07,60.950386077111446
2018-09-10,61.006535870452254
2018-09-11,60.76335086987736
2018-09-12,60.83607263128829
2018-09-13,60.96495920440809
2018-09-14,60.59912263773976
2018-09-17,60.553406322401955
2018-09-18,60.166792022855375
2018-09-19,59.751067592545105
2018-09-20,59.78017386809708
2018-09-21,59.84876921937816
2018-09-24,59.80093694721772
2018-09-25,59.640881998687405
2018-09-26,59.94644674294146
2018-09-27,60.03999232798879
2018-09-28,60.13975476962624
2018-10-01,59.69421485326147
2018-10-02,59.89214701502054
2018-10-03,59.198346083191296
2018-10-04,58.53578969808736
2018-10-05,58.094074792122164
2018-10-08,57.944072359456946
2018-10-09,58.233677361544466
2018-10-10,58.127421400626
2018-10-11,58.725414891880064
2018-10-12,58.767074988067804
2018-10-15,58.79415311113888
2018-10-16,58.73787618579211
2018-10-17,58.67330112337914
2018-10-18,58.43160797758529
2018-10-19,58.36077323238572
2018-10-22,58.385785055655866
2018-10-23,58.704517518652715
2018-10-24,58.79416904771077
2018-10-25,58.74829952821824
2018-10-26,59.03583351509555
2018-10-29,58.88579796010066
2018-10-30,58.667043401535864
2018-10-31,58.35660385334703
2018-11-01,58.271128816388604
2018-11-02,57.95991715447324
2018-11-05,57.9348666325204
2018-11-06,57.93068462082854
2018-11-07,58.118666157234415
2018-11-08,58.00797746766029
2018-11-09,58.17921985891594
2018-11-12,58.607383625302454
2018-11-13,58.544715772028546
2018-11-14,58.592769482512026
2018-11-15,58.75984839689169
2018-11-16,58.87681502835566
2018-11-19,59.03138085977862
2018-11-20,59.25484241799449
2018-11-21,59.123261440340535
2018-11-23,59.371773895592966
2018-11-26,59.12951012506528
2018-11-27,59.15458298252774
2018-11-28,59.02719517416144
2018-11-29,59.154572685970024
2018-11-30,59.3321343929
2018-12-03,59.47521708959859
2018-12-04,60.561610849855526
2018-12-06,61.10380302069568
2018-12-07,60.87353064821744
2018-12-10,61.28172857946633
2018-12-11,61.3194100512245
2018-12-12,61.068238530676226
2018-12-13,60.97401832575499
2018-12-14,61.08914794881762
2018-12-17,61.28174249496049
2018-12-18,61.65223564453463
2018-12-19,62.33050117111477
2018-12-20,62.650714510679805
2018-12-21,62.40373789061013
2018-12-24,62.5495225408326
2018-12-26,62.28507760270178
2018-12-27,62.31235982756564
2018-12-28,62.3270494657015
2018-12-31,62.528533408476925
