Date,VXX
2018-01-25,1770.239990234375
2018-01-26,1770.239990234375
2018-01-29,1880.9600219726562
2018-01-30,1978.239990234375
2018-01-31,1939.9999694824219
2018-02-01,1893.2319946289062
2018-02-02,2019.5199890136719
2018-02-05,2476.7999877929688
2018-02-06,3045.31201171875
2018-02-07,2804.6400146484375
2018-02-08,3218.4000244140625
2018-02-09,3286.4000244140625
2018-02-12,3118.5599975585938
2018-02-13,3095.0400390625
2018-02-14,2871.2000122070312
2018-02-15,2660.0799560546875
2018-02-16,2681.9200439453125
2018-02-20,2793.760009765625
2018-02-21,2776.4800415039062
2018-02-22,2791.5199584960938
2018-02-23,2661.4400634765625
2018-02-26,2508.9599609375
2018-02-27,2613.9520263671875
2018-02-28,2736.1600341796875
2018-03-01,2946.5599975585938
2018-03-02,3047.0399780273438
2018-03-05,2855.0400390625
2018-03-06,2799.0399169921875
2018-03-07,2801.1199951171875
2018-03-08,2725.6000366210938
2018-03-09,2514.239990234375
2018-03-12,2521.5999145507812
2018-03-13,2585.280029296875
2018-03-14,2632.800048828125
2018-03-15,2586.39990234375
2018-03-16,2515.199951171875
2018-03-19,2707.0399780273438
2018-03-20,2739.840087890625
2018-03-21,2637.9199829101562
2018-03-22,2933.1199951171875
2018-03-23,3081.280029296875
2018-03-26,3023.3599853515625
2018-03-27,3087.679931640625
2018-03-28,3246.7200317382812
2018-03-29,3136.0
2018-04-02,3237.7599487304688
2018-04-03,3215.5199584960938
2018-04-04,3240.9600219726562
2018-04-05,3031.679931640625
2018-04-06,3157.1199951171875
2018-04-09,3187.199951171875
2018-04-10,3187.199951171875
2018-04-11,3187.199951171875
2018-04-12,3077.760009765625
2018-04-13,2942.719970703125
2018-04-16,2793.60009765625
2018-04-17,2579.199951171875
2018-04-18,2617.5999755859375
2018-04-19,2655.2000122070312
2018-04-20,2709.1199951171875
2018-04-23,2663.8400268554688
2018-04-24,2661.760009765625
2018-04-25,2885.5999755859375
2018-04-26,2756.7999267578125
2018-04-27,2661.280029296875
2018-04-30,2625.280029296875
2018-05-01,2709.1199951171875
2018-05-02,2571.9999389648438
2018-05-03,2731.3599853515625
2018-05-04,2579.199951171875
2018-05-07,2548.47998046875
2018-05-08,2544.0
2018-05-09,2495.3600463867188
2018-05-10,2346.239990234375
2018-05-11,2317.4400024414062
2018-05-14,2225.919921875
2018-05-15,2359.8399658203125
2018-05-16,2316.8800048828125
2018-05-17,2273.2799072265625
2018-05-18,2268.6399536132812
2018-05-21,2170.0800170898438
2018-05-22,2191.488037109375
2018-05-23,2237.43994140625
2018-05-24,2215.8400268554688
2018-05-25,2176.0
2018-05-29,2399.52001953125
2018-05-30,2351.3599853515625
2018-05-31,2362.719970703125
2018-06-01,2254.8800659179688
2018-06-04,2248.320068359375
2018-06-05,2177.280029296875
2018-06-06,2097.2799072265625
2018-06-07,2094.719970703125
2018-06-08,2075.52001953125
2018-06-11,2071.6800537109375
2018-06-12,2040.3200073242188
2018-06-13,2044.47998046875
2018-06-14,2011.0719909667969
2018-06-15,2036.1600341796875
2018-06-18,2042.3840026855469
2018-06-19,2120.6239624023438
2018-06-20,2050.3999938964844
2018-06-21,2135.5199584960938
2018-06-22,2124.7040405273438
2018-06-25,2362.7199096679688
2018-06-26,2352.320068359375
2018-06-27,2391.52001953125
2018-06-28,2525.280029296875
2018-06-29,2346.0800170898438
2018-07-02,2458.8800048828125
2018-07-03,2415.360107421875
2018-07-05,2314.239990234375
2018-07-06,2222.2401123046875
2018-07-09,2095.2000122070312
2018-07-10,2047.8400268554688
2018-07-11,2109.1199951171875
2018-07-12,2062.0799560546875
2018-07-13,2036.7680053710938
2018-07-16,2003.760009765625
2018-07-17,1966.3999633789062
2018-07-18,1961.5999755859375
2018-07-19,1998.2400512695312
2018-07-20,2011.3119812011719
2018-07-23,2007.0399780273438
2018-07-24,1965.760009765625
2018-07-25,1960.3200073242188
2018-07-26,1951.3600463867188
2018-07-27,1994.8800354003906
2018-07-30,2025.280029296875
2018-07-31,2008.3199462890625
2018-08-01,1981.1199951171875
2018-08-02,2007.2960205078125
2018-08-03,1930.3359985351562
2018-08-06,1901.0559692382812
2018-08-07,1836.3200073242188
2018-08-08,1794.3040161132812
2018-08-09,1806.2400207519531
2018-08-10,1916.8320007324219
2018-08-13,1969.280029296875
2018-08-14,1962.8800048828125
2018-08-15,2071.6799926757812
2018-08-16,1946.7200012207031
2018-08-17,1927.8399963378906
2018-08-20,1847.3599548339844
2018-08-21,1860.7999877929688
2018-08-22,1869.1199951171875
2018-08-23,1853.2799987792969
2018-08-24,1834.5599975585938
2018-08-27,1841.2319946289062
2018-08-28,1846.5599975585938
2018-08-29,1843.5199584960938
2018-08-30,1872.5759887695312
2018-08-31,1883.3599853515625
2018-09-04,1888.6400146484375
2018-09-05,1904.9599914550781
2018-09-06,1942.8800048828125
2018-09-07,1978.719970703125
2018-09-10,1926.0799865722656
2018-09-11,1903.3600158691406
2018-09-12,1844.6559753417969
2018-09-13,1794.5599975585938
2018-09-14,1762.0799865722656
2018-09-17,1776.0000305175781
2018-09-18,1787.6799621582031
2018-09-19,1736.3200073242188
2018-09-20,1704.3200073242188
2018-09-21,1699.0719909667969
2018-09-24,1717.9199829101562
2018-09-25,1704.3200073242188
2018-09-26,1711.6799926757812
2018-09-27,1715.2000122070312
2018-09-28,1715.8400268554688
2018-10-01,1679.6799926757812
2018-10-02,1691.8399963378906
2018-10-03,1675.8400268554688
2018-10-04,1762.239990234375
2018-10-05,1799.1999816894531
2018-10-08,1869.1679992675781
2018-10-09,1871.3599853515625
2018-10-10,2044.6400146484375
2018-10-11,2265.6000366210938
2018-10-12,2216.1599731445312
2018-10-15,2216.8319702148438
2018-10-16,2099.0399780273438
2018-10-17,2087.2000122070312
2018-10-18,2186.719970703125
2018-10-19,2200.9600219726562
2018-10-22,2218.5599975585938
2018-10-23,2356.6400146484375
2018-10-24,2375.52001953125
2018-10-25,2440.6400146484375
2018-10-26,2573.280029296875
2018-10-29,2544.1599731445312
2018-10-30,2541.6000366210938
2018-10-31,2419.3600463867188
2018-11-01,2380.9600219726562
2018-11-02,2334.7200317382812
2018-11-05,2336.1599731445312
2018-11-06,2284.800048828125
2018-11-07,2125.4400024414062
2018-11-08,2070.1119995117188
2018-11-09,2128.0160522460938
2018-11-12,2233.5999755859375
2018-11-13,2320.7999877929688
2018-11-14,2346.0800170898438
2018-11-15,2404.6400146484375
2018-11-16,2328.3199462890625
2018-11-19,2320.3200073242188
2018-11-20,2525.4720458984375
2018-11-21,2454.751953125
2018-11-23,2492.3200073242188
2018-11-26,2381.4400024414062
2018-11-27,2338.2400512695312
2018-11-28,2254.3200073242188
2018-11-29,2277.2799682617188
2018-11-30,2236.6720581054688
2018-12-03,2070.0799865722656
2018-12-04,2220.4959716796875
2018-12-06,2507.8400268554688
2018-12-07,2496.3200073242188
2018-12-10,2596.7999877929688
2018-12-11,2535.4719848632812
2018-12-12,2505.4400024414062
2018-12-13,2505.5999755859375
2018-12-14,2571.8400268554688
2018-12-17,2677.760009765625
2018-12-18,2727.2000732421875
2018-12-19,2715.3599853515625
2018-12-20,2843.6800537109375
2018-12-21,2939.5199584960938
2018-12-24,3104.47998046875
2018-12-26,3087.2000732421875
2018-12-27,3181.9199829101562
2018-12-28,3127.8399658203125
2018-12-31,3030.5599975585938
2019-01-02,3015.1680297851562
2019-01-03,3027.0399780273438
2019-01-04,2870.8800048828125
2019-01-07,2766.4319458007812
2019-01-08,2714.3999633789062
2019-01-09,2643.8400268554688
2019-01-10,2643.3599853515625
2019-01-11,2576.7999877929688
2019-01-14,2544.320068359375
2019-01-15,2456.9599609375
2019-01-16,2420.3200073242188
2019-01-17,2445.2799682617188
2019-01-18,2365.280029296875
2019-01-22,2497.4400024414062
2019-01-23,2590.3999633789062
2019-01-24,2521.9200439453125
2019-01-25,2404.320068359375
2019-01-28,2494.4000244140625
2019-01-29,2468.239990234375
2019-01-30,2409.5999755859375
2019-01-31,2314.8800048828125
2019-02-01,2255.5200805664062
2019-02-04,2206.8800048828125
2019-02-05,2149.5999755859375
2019-02-06,2143.3599853515625
2019-02-07,2227.6799926757812
2019-02-08,2233.5999755859375
2019-02-11,2168.4800415039062
2019-02-12,2122.239990234375
2019-02-13,2120.3199462890625
2019-02-14,2165.9200439453125
2019-02-15,2104.8800048828125
2019-02-19,2102.0799560546875
2019-02-20,2042.4319458007812
2019-02-21,2024.9920043945312
2019-02-22,1979.3600158691406
2019-02-25,1948.3199768066406
2019-02-26,2011.1999816894531
2019-02-27,2031.0400390625
2019-02-28,2003.5199890136719
2019-03-01,1947.5199890136719
2019-03-04,1950.719970703125
2019-03-05,1974.2399597167969
2019-03-06,2008.7999877929688
2019-03-07,2095.3599853515625
2019-03-08,2160.47998046875
2019-03-11,2027.6800231933594
2019-03-12,1935.6799926757812
2019-03-13,1898.0800170898438
2019-03-14,1880.3840026855469
2019-03-15,1838.0799865722656
2019-03-18,1842.239990234375
2019-03-19,1831.0400085449219
2019-03-20,1853.4400024414062
2019-03-21,1862.5920104980469
2019-03-22,1965.1200561523438
2019-03-25,2061.1200256347656
2019-03-26,1962.719970703125
2019-03-27,1975.2000122070312
2019-03-28,1953.0400085449219
2019-03-29,1886.0799865722656
2019-04-01,1848.47998046875
2019-04-02,1840.1600036621094
2019-04-03,1831.4400329589844
2019-04-04,1835.0400085449219
2019-04-05,1801.7599792480469
2019-04-08,1792.4000244140625
2019-04-09,1827.3600158691406
2019-04-10,1815.0399780273438
2019-04-11,1767.2000122070312
2019-04-12,1701.52001953125
2019-04-15,1672.7999877929688
2019-04-16,1644.47998046875
2019-04-17,1644.0
2019-04-18,1648.47998046875
2019-04-22,1635.0399780273438
2019-04-23,1604.0
2019-04-24,1624.4800415039062
2019-04-25,1675.1199951171875
2019-04-26,1644.4800109863281
2019-04-29,1633.0400390625
2019-04-30,1650.7200012207031
2019-05-01,1663.3599853515625
2019-05-02,1717.4400024414062
2019-05-03,1644.1600036621094
2019-05-06,1755.1999816894531
2019-05-07,1919.1999816894531
2019-05-08,1965.6000061035156
2019-05-09,2027.2000122070312
2019-05-10,1902.3999938964844
2019-05-13,2040.4800109863281
2019-05-14,1976.9599914550781
2019-05-15,1949.5680236816406
2019-05-16,1828.6399841308594
2019-05-17,1836.0
2019-05-20,1863.1999816894531
2019-05-21,1774.239990234375
2019-05-22,1751.0400085449219
2019-05-23,1840.3200073242188
2019-05-24,1812.3199768066406
2019-05-28,1832.3200073242188
2019-05-29,1910.7200012207031
2019-05-30,1874.3199768066406
2019-05-31,1951.1199951171875
2019-06-03,1957.7599792480469
2019-06-04,1889.1199951171875
2019-06-05,1835.9999694824219
2019-06-06,1798.5599975585938
2019-06-07,1785.4720153808594
2019-06-10,1782.7200012207031
2019-06-11,1774.5599670410156
2019-06-12,1789.6000061035156
2019-06-13,1764.7200317382812
2019-06-14,1767.3599853515625
2019-06-17,1736.9920349121094
2019-06-18,1707.0400085449219
2019-06-19,1686.239990234375
2019-06-20,1656.7999877929688
2019-06-21,1688.2400207519531
2019-06-24,1687.8399963378906
2019-06-25,1712.0159912109375
2019-06-26,1708.7999877929688
2019-06-27,1697.0400085449219
2019-06-28,1668.7999877929688
2019-07-01,1578.3999633789062
2019-07-02,1543.3600158691406
2019-07-03,1511.6799926757812
2019-07-05,1532.7999877929688
2019-07-08,1547.5199890136719
2019-07-09,1575.0399475097656
2019-07-10,1520.3519897460938
2019-07-11,1488.3999938964844
2019-07-12,1468.0
2019-07-15,1454.5599975585938
2019-07-16,1449.1200256347656
2019-07-17,1467.8400268554688
2019-07-18,1486.0799865722656
2019-07-19,1473.1199951171875
2019-07-22,1479.6799926757812
2019-07-23,1433.1199951171875
2019-07-24,1402.5600280761719
2019-07-25,1409.9200134277344
2019-07-26,1387.5199890136719
2019-07-29,1393.760009765625
2019-07-30,1424.1600036621094
2019-07-31,1474.7200012207031
2019-08-01,1564.5599975585938
2019-08-02,1649.9200134277344
2019-08-05,1818.7999877929688
2019-08-06,1805.5999755859375
2019-08-07,1834.0800170898438
2019-08-08,1701.1199951171875
2019-08-09,1712.0800170898438
2019-08-12,1799.6799926757812
2019-08-13,1795.5199890136719
2019-08-14,1882.0
2019-08-15,1916.1919860839844
2019-08-16,1827.5199890136719
2019-08-19,1691.3119812011719
2019-08-20,1690.5600280761719
2019-08-21,1628.9599914550781
2019-08-22,1638.0
2019-08-23,1768.1599426269531
2019-08-26,1792.6400146484375
2019-08-27,1811.6799926757812
2019-08-28,1841.6000061035156
2019-08-29,1728.8000183105469
2019-08-30,1715.8399658203125
2019-09-03,1794.5600280761719
2019-09-04,1720.9600219726562
2019-09-05,1636.1600036621094
2019-09-06,1596.3999938964844
2019-09-09,1569.7599792480469
2019-09-10,1579.8399963378906
2019-09-11,1547.3600158691406
2019-09-12,1505.4400024414062
2019-09-13,1478.239990234375
2019-09-16,1499.2000122070312
2019-09-17,1501.1199951171875
2019-09-18,1469.6319885253906
2019-09-19,1416.239990234375
2019-09-20,1448.3200073242188
2019-09-23,1481.760009765625
2019-09-24,1495.52001953125
2019-09-25,1537.2799987792969
2019-09-26,1522.3999938964844
2019-09-27,1543.4399719238281
2019-09-30,1529.7599792480469
2019-10-01,1532.3199768066406
2019-10-02,1666.5599975585938
2019-10-03,1669.280029296875
2019-10-04,1578.5599975585938
2019-10-07,1554.0800170898438
2019-10-08,1642.2400207519531
2019-10-09,1622.4000244140625
2019-10-10,1592.0799865722656
2019-10-11,1490.5600280761719
2019-10-14,1451.52001953125
2019-10-15,1388.6400146484375
2019-10-16,1381.2799987792969
2019-10-17,1358.3200073242188
2019-10-18,1366.5599975585938
2019-10-21,1334.7200012207031
2019-10-22,1328.6400146484375
2019-10-23,1340.8800048828125
2019-10-24,1318.3999938964844
2019-10-25,1291.8400268554688
2019-10-28,1270.2399597167969
2019-10-29,1283.7599792480469
2019-10-30,1269.2799682617188
2019-10-31,1266.7200317382812
2019-11-01,1218.2400207519531
2019-11-04,1201.8399963378906
2019-11-05,1225.1200256347656
2019-11-06,1236.9119873046875
2019-11-07,1213.760009765625
2019-11-08,1210.1600036621094
2019-11-11,1200.7999877929688
2019-11-12,1176.1600341796875
2019-11-13,1183.0399780273438
2019-11-14,1177.280029296875
2019-11-15,1130.5599670410156
2019-11-18,1114.0799865722656
2019-11-19,1115.8399963378906
2019-11-20,1138.3999633789062
2019-11-21,1138.5599975585938
2019-11-22,1116.0000305175781
2019-11-25,1068.6399841308594
2019-11-26,1046.2400207519531
2019-11-27,1034.9599914550781
2019-11-29,1051.3600463867188
2019-12-02,1088.1599731445312
2019-12-03,1192.0
2019-12-04,1131.5199890136719
2019-12-05,1116.1600036621094
2019-12-06,1071.1999816894531
2019-12-09,1099.6799926757812
2019-12-10,1125.9199829101562
2019-12-11,1108.9600219726562
2019-12-12,1069.6000366210938
2019-12-13,1019.3600006103516
2019-12-16,965.7599945068359
2019-12-17,966.2400054931641
2019-12-18,964.2879943847656
2019-12-19,962.3999938964844
2019-12-20,954.4000091552734
2019-12-23,963.0400085449219
2019-12-24,959.5359802246094
2019-12-26,951.8399963378906
2019-12-27,965.2799987792969
2019-12-30,998.8800048828125
2019-12-31,995.3600006103516
2020-01-02,940.1600036621094
2020-01-03,986.3999938964844
2020-01-06,987.0559997558594
2020-01-07,966.0800018310547
2020-01-08,944.6399993896484
2020-01-09,916.0000152587891
2020-01-10,904.3999938964844
2020-01-13,889.1199951171875
2020-01-14,877.7599945068359
2020-01-15,872.0
2020-01-16,854.8000030517578
2020-01-17,854.7200012207031
2020-01-21,857.6000061035156
2020-01-22,854.7200012207031
2020-01-23,874.5599975585938
2020-01-24,884.0
2020-01-27,992.4799957275391
2020-01-28,965.9199981689453
2020-01-29,942.8800048828125
2020-01-30,965.9200134277344
2020-01-31,1003.52001953125
2020-02-03,1001.760009765625
2020-02-04,949.7599945068359
2020-02-05,918.7199859619141
2020-02-06,904.8000030517578
2020-02-07,923.1999969482422
2020-02-10,914.5600128173828
2020-02-11,895.6800079345703
2020-02-12,873.1199951171875
2020-02-13,880.4639892578125
2020-02-14,869.8400115966797
2020-02-18,882.239990234375
2020-02-19,866.4000091552734
2020-02-20,890.239990234375
2020-02-21,944.3199920654297
2020-02-24,1102.8800048828125
2020-02-25,1170.8800048828125
2020-02-26,1205.7599792480469
2020-02-27,1356.1600036621094
2020-02-28,1523.1999816894531
2020-03-02,1435.9200134277344
2020-03-03,1481.0400085449219
2020-03-04,1494.8800048828125
2020-03-05,1666.8800048828125
2020-03-06,1974.3999938964844
2020-03-09,2463.0399780273438
2020-03-10,2192.6400146484375
2020-03-11,2420.7999877929688
2020-03-12,2924.6399536132812
2020-03-13,2828.3200073242188
2020-03-16,3643.52001953125
2020-03-17,3727.0399780273438
2020-03-18,4410.2398681640625
2020-03-19,4297.60009765625
2020-03-20,3768.4800415039062
2020-03-23,3468.6400146484375
2020-03-24,2820.0000610351562
2020-03-25,3190.719970703125
2020-03-26,3041.4400024414062
2020-03-27,3201.1199951171875
2020-03-30,3194.080078125
2020-03-31,3038.8799438476562
2020-04-01,3161.4400024414062
2020-04-02,3112.7200927734375
2020-04-03,2964.7999877929688
2020-04-06,2702.5599975585938
2020-04-07,2700.1599731445312
2020-04-08,2734.0800170898438
2020-04-09,2687.4400024414062
2020-04-13,2640.9599609375
2020-04-14,2422.8800048828125
2020-04-15,2578.6400146484375
2020-04-16,2621.4400634765625
2020-04-17,2517.4400024414062
2020-04-20,2674.239990234375
2020-04-21,2981.280029296875
2020-04-22,2851.2000122070312
2020-04-23,2801.9200439453125
2020-04-24,2719.2159423828125
2020-04-27,2516.7999877929688
2020-04-28,2443.135986328125
2020-04-29,2342.7999877929688
2020-04-30,2432.3200073242188
2020-05-01,2634.719970703125
2020-05-04,2656.3200073242188
2020-05-05,2462.0800170898438
2020-05-06,2466.7520141601562
2020-05-07,2410.0000610351562
2020-05-08,2289.4400024414062
2020-05-11,2191.7599487304688
2020-05-12,2159.1680297851562
2020-05-13,2443.8400268554688
2020-05-14,2549.9200439453125
2020-05-15,2438.5599365234375
2020-05-18,2193.1199951171875
2020-05-19,2243.679931640625
2020-05-20,2189.6000366210938
2020-05-21,2195.6799926757812
2020-05-22,2222.0800170898438
2020-05-26,2132.5599975585938
2020-05-27,2149.6799926757812
2020-05-28,2175.5360107421875
2020-05-29,2179.3600463867188
2020-06-01,2158.3999633789062
2020-06-02,2109.1680297851562
2020-06-03,2015.2000122070312
2020-06-04,1978.2400207519531
2020-06-05,1864.6399841308594
2020-06-08,1886.5599975585938
2020-06-09,1982.7520141601562
2020-06-10,1994.0799560546875
2020-06-11,2425.760009765625
2020-06-12,2552.9599609375
2020-06-15,2574.8800048828125
2020-06-16,2338.4320068359375
2020-06-17,2367.6800537109375
2020-06-18,2368.9600219726562
2020-06-19,2329.760009765625
2020-06-22,2317.760009765625
2020-06-23,2177.5679931640625
2020-06-24,2327.2000122070312
2020-06-25,2337.6000366210938
2020-06-26,2339.2000122070312
2020-06-29,2340.447998046875
2020-06-30,2234.3199462890625
2020-07-01,2125.2799682617188
2020-07-02,2039.6800231933594
2020-07-06,2038.3199768066406
2020-07-07,2097.6799926757812
2020-07-08,2109.7599487304688
2020-07-09,2119.8400268554688
2020-07-10,2104.6080322265625
2020-07-13,2146.720001220703
2020-07-14,2201.7599487304688
2020-07-15,2084.6400146484375
2020-07-16,2072.0
2020-07-17,1989.6000061035156
2020-07-20,1897.1199645996094
2020-07-21,1855.8399963378906
2020-07-22,1888.4959716796875
2020-07-23,1893.6000061035156
2020-07-24,1964.5599975585938
2020-07-27,1897.3600158691406
2020-07-28,1860.9599914550781
2020-07-29,1837.6000061035156
2020-07-30,1909.280029296875
2020-07-31,1844.0
2020-08-03,1818.2079772949219
2020-08-04,1789.9200439453125
2020-08-05,1740.0000305175781
2020-08-06,1725.2799987792969
2020-08-07,1712.0
2020-08-10,1665.5999755859375
2020-08-11,1668.3200073242188
2020-08-12,1644.8800354003906
2020-08-13,1630.8800048828125
2020-08-14,1638.7200012207031
2020-08-17,1584.0
2020-08-18,1563.8399963378906
2020-08-19,1564.6400146484375
2020-08-20,1607.6799926757812
2020-08-21,1585.52001953125
2020-08-24,1554.1600036621094
2020-08-25,1576.7200012207031
2020-08-26,1566.3999938964844
2020-08-27,1640.6400146484375
2020-08-28,1661.9200134277344
2020-08-31,1694.7200012207031
2020-09-01,1731.5199890136719
2020-09-02,1768.6399841308594
2020-09-03,1921.5039672851562
2020-09-04,1959.2000427246094
2020-09-08,1906.8800048828125
2020-09-09,1737.4560241699219
2020-09-10,1725.760009765625
2020-09-11,1673.2799987792969
2020-09-14,1606.3999938964844
2020-09-15,1600.4800109863281
2020-09-16,1585.6799926757812
2020-09-17,1603.3599853515625
2020-09-18,1555.6799926757812
2020-09-21,1636.0799865722656
2020-09-22,1626.0800476074219
2020-09-23,1661.4400024414062
2020-09-24,1690.5599975585938
2020-09-25,1656.9599914550781
2020-09-28,1625.6000061035156
2020-09-29,1607.4400024414062
2020-09-30,1583.6800231933594
2020-10-01,1594.0800170898438
2020-10-02,1660.1600036621094
2020-10-05,1617.1999816894531
2020-10-06,1598.5920104980469
2020-10-07,1576.9599914550781
2020-10-08,1528.47998046875
2020-10-09,1443.2000122070312
2020-10-12,1405.1200256347656
2020-10-13,1420.7999877929688
2020-10-14,1403.3600158691406
2020-10-15,1442.5600280761719
2020-10-16,1413.760009765625
2020-10-19,1454.0799865722656
2020-10-20,1480.6400146484375
2020-10-21,1467.552001953125
2020-10-22,1433.1199951171875
2020-10-23,1422.5599975585938
2020-10-26,1502.5599975585938
2020-10-27,1550.0480041503906
2020-10-28,1717.8880004882812
2020-10-29,1689.1199951171875
2020-10-30,1687.8400268554688
2020-11-02,1645.1199951171875
2020-11-03,1586.5599975585938
2020-11-04,1465.760009765625
2020-11-05,1396.6399841308594
2020-11-06,1354.3999938964844
2020-11-09,1239.6799926757812
2020-11-10,1260.1599731445312
2020-11-11,1218.719970703125
2020-11-12,1270.8479919433594
2020-11-13,1234.3999938964844
2020-11-16,1199.8400268554688
2020-11-17,1194.3999938964844
2020-11-18,1181.9200134277344
2020-11-19,1197.2799987792969
2020-11-20,1186.2400207519531
2020-11-23,1175.6000366210938
2020-11-24,1157.3599853515625
2020-11-25,1138.0799865722656
2020-11-27,1111.968017578125
2020-11-30,1121.1199951171875
2020-12-01,1098.8800048828125
2020-12-02,1102.5599670410156
2020-12-03,1104.5599975585938
2020-12-04,1095.8399963378906
2020-12-07,1104.0800170898438
2020-12-08,1085.5199890136719
2020-12-09,1075.8400268554688
2020-12-10,1104.8800048828125
2020-12-11,1148.6400146484375
2020-12-14,1145.1199951171875
2020-12-15,1140.6400146484375
2020-12-16,1107.0399780273438
2020-12-17,1080.1600341796875
2020-12-18,1094.3999938964844
2020-12-21,1196.0
2020-12-22,1165.2799987792969
2020-12-23,1118.7999572753906
2020-12-24,1088.3999633789062
2020-12-28,1069.5999755859375
2020-12-29,1093.2799987792969
2020-12-30,1093.1199951171875
2020-12-31,1073.6000061035156
2021-01-04,1129.1199951171875
2021-01-05,1160.3999938964844
2021-01-06,1112.9599914550781
2021-01-07,1066.7200012207031
2021-01-08,1054.7360229492188
2021-01-11,1094.0800170898438
2021-01-12,1085.6000366210938
2021-01-13,1062.8800048828125
2021-01-14,1055.0400085449219
2021-01-15,1091.52001953125
2021-01-19,1068.4800109863281
2021-01-20,1049.4399719238281
2021-01-21,1043.6799926757812
2021-01-22,1053.6799926757812
2021-01-25,1085.1999816894531
2021-01-26,1075.3600158691406
2021-01-27,1217.9199829101562
2021-01-28,1252.3200073242188
2021-01-29,1317.1200256347656
2021-02-01,1293.8399963378906
2021-02-02,1184.9599914550781
2021-02-03,1125.1199951171875
2021-02-04,1068.7999877929688
2021-02-05,1057.7599792480469
2021-02-08,1050.719970703125
2021-02-09,1053.1199951171875
2021-02-10,1061.9200134277344
2021-02-11,1056.6400146484375
2021-02-12,1028.9600067138672
2021-02-16,1014.5600128173828
2021-02-17,1019.1999969482422
2021-02-18,1014.3999938964844
2021-02-19,977.6800079345703
2021-02-22,995.5199890136719
2021-02-23,1000.9600067138672
2021-02-24,960.6399841308594
2021-02-25,1013.4400329589844
2021-02-26,1040.8160095214844
2021-03-01,954.3999938964844
2021-03-02,952.7839965820312
2021-03-03,973.5999755859375
2021-03-04,1019.8560180664062
2021-03-05,1001.2799835205078
2021-03-08,974.2400054931641
2021-03-09,949.6000061035156
2021-03-10,928.239990234375
2021-03-11,913.1200103759766
2021-03-12,910.5599822998047
2021-03-15,867.1199951171875
2021-03-16,836.0000152587891
2021-03-17,829.3600006103516
2021-03-18,834.5599975585938
2021-03-19,835.8400115966797
2021-03-22,785.5999908447266
2021-03-23,787.7599945068359
2021-03-24,791.3599853515625
2021-03-25,806.0799865722656
2021-03-26,765.4400024414062
2021-03-29,772.4800109863281
2021-03-30,754.0799865722656
2021-03-31,729.9199829101562
2021-04-01,713.4400024414062
2021-04-05,688.7200164794922
2021-04-06,687.2800140380859
2021-04-07,680.0800018310547
2021-04-08,661.4399871826172
2021-04-09,661.6800079345703
2021-04-12,660.8000030517578
2021-04-13,647.5200042724609
2021-04-14,653.6000061035156
2021-04-15,640.8000030517578
2021-04-16,632.6399993896484
2021-04-19,645.760009765625
2021-04-20,666.3999938964844
2021-04-21,650.5599975585938
2021-04-22,651.0400085449219
2021-04-23,649.5999908447266
2021-04-26,638.6000061035156
2021-04-27,630.7200012207031
2021-04-28,622.3600006103516
2021-04-29,619.5599975585938
2021-04-30,636.1199951171875
2021-05-03,625.0800018310547
2021-05-04,647.239990234375
2021-05-05,630.3799896240234
2021-05-06,631.8200073242188
2021-05-07,605.0599975585938
2021-05-10,597.8800048828125
2021-05-11,652.7599945068359
2021-05-12,735.1399993896484
2021-05-13,710.3199920654297
2021-05-14,639.1800079345703
2021-05-17,637.1999969482422
2021-05-18,635.4400024414062
2021-05-19,695.3399963378906
2021-05-20,650.1199951171875
2021-05-21,630.7200012207031
2021-05-24,609.7199859619141
2021-05-25,603.5800018310547
2021-05-26,584.2400054931641
2021-05-27,556.4400024414062
2021-05-28,547.7200012207031
2021-06-01,554.5199890136719
2021-06-02,557.1600036621094
2021-06-03,567.3119964599609
2021-06-04,539.6000061035156
2021-06-07,530.2800140380859
2021-06-08,528.5599975585938
2021-06-09,532.6399993896484
2021-06-10,516.5599975585938
2021-06-11,494.47999572753906
2021-06-14,496.63999938964844
2021-06-15,504.6800003051758
2021-06-16,508.71600341796875
2021-06-17,509.6399917602539
2021-06-18,541.8399963378906
2021-06-21,530.0400085449219
2021-06-22,509.52001190185547
2021-06-23,485.4000015258789
2021-06-24,474.0800018310547
2021-06-25,471.0399932861328
2021-06-28,466.3999938964844
2021-06-29,469.9199981689453
2021-06-30,475.23999786376953
2021-07-01,465.7999954223633
2021-07-02,457.4199981689453
2021-07-06,469.23999786376953
2021-07-07,474.7999954223633
2021-07-08,509.1600112915039
2021-07-09,480.3600082397461
2021-07-12,469.76000213623047
2021-07-13,468.6000061035156
2021-07-14,465.6399917602539
2021-07-15,472.6800003051758
2021-07-16,473.4800033569336
2021-07-19,545.0400085449219
2021-07-20,533.4799957275391
2021-07-21,489.64000701904297
2021-07-22,484.92000579833984
2021-07-23,481.3199996948242
2021-07-26,485.8000030517578
2021-07-27,497.24000549316406
2021-07-28,485.9600067138672
2021-07-29,473.9000015258789
2021-07-30,483.5199966430664
2021-08-02,490.1999969482422
2021-08-03,488.79998779296875
2021-08-04,480.44000244140625
2021-08-05,468.4000015258789
2021-08-06,457.05999755859375
2021-08-09,450.23999786376953
2021-08-10,441.2799987792969
2021-08-11,433.12000274658203
2021-08-12,424.75999450683594
2021-08-13,417.1800003051758
2021-08-16,428.1999969482422
2021-08-17,438.8000030517578
2021-08-18,452.5800018310547
2021-08-19,481.0199966430664
2021-08-20,458.23999786376953
2021-08-23,428.6240005493164
2021-08-24,427.37999725341797
2021-08-25,422.2000045776367
2021-08-26,430.4000015258789
2021-08-27,420.76000213623047
2021-08-30,409.76000213623047
2021-08-31,410.6199951171875
2021-09-01,401.3999938964844
2021-09-02,396.44000244140625
2021-09-03,401.2000045776367
2021-09-07,406.2040023803711
2021-09-08,413.760009765625
2021-09-09,411.59999084472656
2021-09-10,417.3999938964844
2021-09-13,420.1999969482422
2021-09-14,418.2799987792969
2021-09-15,412.7200012207031
2021-09-16,407.3800048828125
2021-09-17,416.5599899291992
2021-09-20,477.2799987792969
2021-09-21,465.3999938964844
2021-09-22,439.15999603271484
2021-09-23,412.2560043334961
2021-09-24,404.4800033569336
2021-09-27,395.9199981689453
2021-09-28,427.55999755859375
2021-09-29,440.0
2021-09-30,438.6600036621094
2021-10-01,433.55999755859375
2021-10-04,438.12000274658203
2021-10-05,429.9199981689453
2021-10-06,431.3199996948242
2021-10-07,407.92000579833984
2021-10-08,398.12001037597656
2021-10-11,397.63999938964844
2021-10-12,395.44000244140625
2021-10-13,390.7999954223633
2021-10-14,369.8000030517578
2021-10-15,362.0800094604492
2021-10-18,364.23999786376953
2021-10-19,355.15999603271484
2021-10-20,352.9600067138672
2021-10-21,346.7799987792969
2021-10-22,345.04000091552734
2021-10-25,342.0
2021-10-26,340.0999984741211
2021-10-27,345.04000091552734
2021-10-28,342.80799865722656
2021-10-29,345.44000244140625
2021-11-01,341.1800003051758
2021-11-02,332.6000061035156
2021-11-03,323.1199951171875
2021-11-04,318.0399932861328
2021-11-05,325.9199981689453
2021-11-08,332.24000549316406
2021-11-09,339.7999954223633
2021-11-10,344.76000213623047
2021-11-11,337.05999755859375
2021-11-12,329.40000915527344
2021-11-15,324.52000427246094
2021-11-16,322.4800033569336
2021-11-17,324.95999908447266
2021-11-18,328.8399887084961
2021-11-19,333.9199981689453
2021-11-22,334.55999755859375
2021-11-23,338.63999938964844
2021-11-24,336.23999786376953
2021-11-26,392.7799987792969
2021-11-29,360.8199996948242
2021-11-30,390.0
2021-12-01,404.2199935913086
2021-12-02,417.23999786376953
2021-12-03,435.6399917602539
2021-12-06,425.2799987792969
2021-12-07,376.2800064086914
2021-12-08,355.0800094604492
2021-12-09,350.6800003051758
2021-12-10,337.95999908447266
2021-12-13,341.5999984741211
2021-12-14,356.0719985961914
2021-12-15,343.6800003051758
2021-12-16,333.13999938964844
2021-12-17,351.2800064086914
2021-12-20,377.00000762939453
2021-12-21,350.63999938964844
2021-12-22,336.0800018310547
2021-12-23,322.4400100708008
2021-12-27,318.4400100708008
2021-12-28,311.07999420166016
2021-12-29,303.3199920654297
2021-12-30,297.94000244140625
2021-12-31,297.64000701904297
2022-01-03,290.76000213623047
2022-01-04,287.07999420166016
2022-01-05,296.8800048828125
2022-01-06,309.02000427246094
2022-01-07,306.9199981689453
2022-01-10,308.0999984741211
2022-01-11,293.7200012207031
2022-01-12,281.97999572753906
2022-01-13,290.4399948120117
2022-01-14,302.32000732421875
2022-01-18,313.55999755859375
2022-01-19,318.9800033569336
2022-01-20,326.2799987792969
2022-01-21,356.7200012207031
2022-01-24,399.36399841308594
2022-01-25,394.4000015258789
2022-01-26,374.97999572753906
2022-01-27,381.4199981689453
2022-01-28,379.24000549316406
2022-01-31,357.7199935913086
2022-02-01,329.0600051879883
2022-02-02,314.6399917602539
2022-02-03,337.9399948120117
2022-02-04,339.9199981689453
2022-02-07,326.5199966430664
2022-02-08,318.8679962158203
2022-02-09,302.0399932861328
2022-02-10,319.73999786376953
2022-02-11,351.5
2022-02-14,377.7199935913086
2022-02-15,346.47999572753906
2022-02-16,339.3199996948242
2022-02-17,357.5199966430664
2022-02-18,374.0
2022-02-22,378.6000061035156
2022-02-23,379.4000015258789
2022-02-24,410.1800003051758
2022-02-25,373.9600067138672
2022-02-28,388.87999725341797
2022-03-01,410.4399948120117
2022-03-02,409.8399963378906
2022-03-03,399.6000061035156
2022-03-04,424.13999938964844
2022-03-07,438.3199996948242
2022-03-08,449.8000030517578
2022-03-09,428.5800018310547
2022-03-10,426.2799987792969
2022-03-11,411.1600036621094
2022-03-14,444.87999725341797
2022-03-15,519.760009765625
2022-03-16,444.2000045776367
2022-03-17,423.55999755859375
2022-03-18,419.59999084472656
2022-03-21,404.04000091552734
2022-03-22,404.45999908447266
2022-03-23,407.4399948120117
2022-03-24,404.00000762939453
2022-03-25,403.8800048828125
2022-03-28,429.27999114990234
2022-03-29,398.63999938964844
2022-03-30,403.4800033569336
2022-03-31,409.04000091552734
2022-04-01,405.95999908447266
2022-04-04,394.84000396728516
2022-04-05,397.88399505615234
2022-04-06,404.8399963378906
2022-04-07,390.76000213623047
2022-04-08,390.94000244140625
2022-04-11,409.3199996948242
2022-04-12,407.9600067138672
2022-04-13,403.5600051879883
2022-04-14,394.9199981689453
2022-04-18,403.5559997558594
2022-04-19,398.0399932861328
2022-04-20,392.9199981689453
2022-04-21,393.1600036621094
2022-04-22,409.3199996948242
2022-04-25,412.67999267578125
2022-04-26,415.7999954223633
2022-04-27,423.8800048828125
2022-04-28,420.5999984741211
2022-04-29,433.8399963378906
2022-05-02,452.6800003051758
2022-05-03,435.07999420166016
2022-05-04,412.4800033569336
2022-05-05,418.7999954223633
2022-05-06,438.27999114990234
2022-05-09,449.4000015258789
2022-05-10,435.3399963378906
2022-05-11,432.64000701904297
2022-05-12,436.63999938964844
2022-05-13,417.95999908447266
2022-05-16,405.12000274658203
2022-05-17,394.6800003051758
2022-05-18,409.5199966430664
2022-05-19,415.14000701904297
2022-05-20,404.6999969482422
2022-05-23,391.3199920654297
2022-05-24,389.4000015258789
2022-05-25,382.4000015258789
2022-05-26,371.8399963378906
2022-05-27,361.0
2022-05-31,362.43199920654297
2022-06-01,358.2799987792969
2022-06-02,353.32000732421875
2022-06-03,354.2439956665039
2022-06-06,350.42000579833984
2022-06-07,350.52000427246094
2022-06-08,347.6399917602539
2022-06-09,359.15999603271484
2022-06-10,374.8399963378906
2022-06-13,405.12000274658203
2022-06-14,407.95999908447266
2022-06-15,387.92398834228516
2022-06-16,404.95999908447266
2022-06-17,399.23999786376953
2022-06-21,385.9199981689453
2022-06-22,388.51600646972656
2022-06-23,374.55999755859375
2022-06-24,369.04000091552734
2022-06-27,364.63999938964844
2022-06-28,361.04000091552734
2022-06-29,367.13999938964844
2022-06-30,371.52000427246094
2022-07-01,366.6800079345703
2022-07-05,366.9199981689453
2022-07-06,359.36000061035156
2022-07-07,354.2000045776367
2022-07-08,353.6199951171875
2022-07-11,355.67999267578125
2022-07-12,357.8399887084961
2022-07-13,361.84000396728516
2022-07-14,362.67999267578125
2022-07-15,348.0400085449219
2022-07-18,345.24000549316406
2022-07-19,346.12000274658203
2022-07-20,345.85999298095703
2022-07-21,342.6800003051758
2022-07-22,341.75999450683594
2022-07-25,329.6800003051758
2022-07-26,344.6999969482422
2022-07-27,339.7999954223633
2022-07-28,337.0800018310547
2022-07-29,335.24000549316406
2022-08-01,344.3199920654297
2022-08-02,347.4800033569336
2022-08-03,345.12001037597656
2022-08-04,347.75999450683594
2022-08-05,346.35999298095703
2022-08-08,348.76000213623047
2022-08-09,353.7999954223633
2022-08-10,345.55999755859375
2022-08-11,344.2800064086914
2022-08-12,348.9599914550781
2022-08-15,348.8000030517578
2022-08-16,340.8800048828125
2022-08-17,341.1600036621094
2022-08-18,338.55999755859375
2022-08-19,340.63999938964844
2022-08-22,342.04000091552734
2022-08-23,330.04000091552734
2022-08-24,318.8199920654297
2022-08-25,312.73999786376953
2022-08-26,321.36000061035156
2022-08-29,319.0199966430664
2022-08-30,314.3199996948242
2022-08-31,308.2000045776367
2022-09-01,310.1600112915039
2022-09-02,305.656005859375
2022-09-06,305.552001953125
2022-09-07,303.0
2022-09-08,294.7999954223633
2022-09-09,292.9199981689453
2022-09-12,291.0480041503906
2022-09-13,301.88800048828125
2022-09-14,305.36000061035156
2022-09-15,305.5999984741211
2022-09-16,316.95999908447266
2022-09-19,295.0
2022-09-20,291.97999572753906
2022-09-21,295.24000549316406
2022-09-22,301.54000091552734
2022-09-23,316.7200012207031
2022-09-26,325.0
2022-09-27,329.6800003051758
2022-09-28,327.23999786376953
2022-09-29,333.2000045776367
2022-09-30,332.55999755859375
2022-10-03,324.2199935913086
2022-10-04,310.3199996948242
2022-10-05,315.15999603271484
2022-10-06,315.92000579833984
2022-10-07,330.57999420166016
2022-10-10,341.83599853515625
2022-10-11,345.9199981689453
2022-10-12,345.3399963378906
2022-10-13,342.87999725341797
2022-10-14,337.0
2022-10-17,331.8399963378906
2022-10-18,328.7200012207031
2022-10-19,329.6199951171875
2022-10-20,325.47999572753906
2022-10-21,322.55999755859375
2022-10-24,321.63999938964844
2022-10-25,313.0800018310547
2022-10-26,304.03599548339844
2022-10-27,295.9199981689453
2022-10-28,289.84000396728516
2022-10-31,285.6800003051758
2022-11-01,280.7200012207031
2022-11-02,283.5600051879883
2022-11-03,286.13999938964844
2022-11-04,276.3399963378906
2022-11-07,275.23999786376953
2022-11-08,278.0
2022-11-09,287.63999938964844
2022-11-10,274.1159973144531
2022-11-11,274.9199981689453
2022-11-14,270.23999786376953
2022-11-15,272.0840072631836
2022-11-16,269.95999908447266
2022-11-17,269.7200012207031
2022-11-18,264.0600051879883
2022-11-21,259.26000595092773
2022-11-22,249.88000106811523
2022-11-23,244.46000289916992
2022-11-25,242.79999542236328
2022-11-28,249.28000259399414
2022-11-29,249.5479965209961
2022-11-30,243.92000198364258
2022-12-01,237.3000030517578
2022-12-02,234.52000045776367
2022-12-05,233.86000061035156
2022-12-06,237.0999984741211
2022-12-07,243.6599998474121
2022-12-08,242.16399765014648
2022-12-09,242.56000518798828
2022-12-12,243.70000457763672
2022-12-13,233.52000045776367
2022-12-14,229.38000106811523
2022-12-15,235.3400001525879
2022-12-16,242.39999771118164
2022-12-19,235.7799949645996
2022-12-20,234.15999603271484
2022-12-21,225.52000045776367
2022-12-22,233.11999893188477
2022-12-23,232.79999923706055
2022-12-27,230.36000061035156
2022-12-28,227.4800033569336
2022-12-29,225.4000015258789
2022-12-30,227.8400001525879
2023-01-03,225.55999755859375
2023-01-04,220.27999877929688
2023-01-05,220.23999786376953
2023-01-06,214.73999786376953
2023-01-09,214.39999771118164
2023-01-10,211.5
2023-01-11,206.56000137329102
2023-01-12,201.04000091552734
2023-01-13,195.0800018310547
2023-01-17,194.63999938964844
2023-01-18,196.44400024414062
2023-01-19,203.9000015258789
2023-01-20,197.7599983215332
2023-01-23,194.06000137329102
2023-01-24,189.92000198364258
2023-01-25,190.13999938964844
2023-01-26,184.2799949645996
2023-01-27,181.44000244140625
2023-01-30,185.6999969482422
2023-01-31,183.23999786376953
2023-02-01,178.79999923706055
2023-02-02,176.4000015258789
2023-02-03,183.0719985961914
2023-02-06,184.31999969482422
2023-02-07,183.11999893188477
2023-02-08,184.4199981689453
2023-02-09,187.63999938964844
2023-02-10,195.8280029296875
2023-02-13,189.5999984741211
2023-02-14,182.86000061035156
2023-02-15,179.27999877929688
2023-02-16,183.56000518798828
2023-02-17,189.31999969482422
2023-02-21,198.31999969482422
2023-02-22,199.04400253295898
2023-02-23,191.28000259399414
2023-02-24,196.72000122070312
2023-02-27,189.39999771118164
2023-02-28,186.11999893188477
2023-03-01,186.43999862670898
2023-03-02,184.72000122070312
2023-03-03,176.0999984741211
2023-03-06,172.1599998474121
2023-03-07,173.07000350952148
2023-03-08,174.27999877929688
2023-03-09,180.5900001525879
2023-03-10,206.03000259399414
2023-03-13,226.71000289916992
2023-03-14,204.08999633789062
2023-03-15,225.49200057983398
2023-03-16,215.43000030517578
2023-03-17,215.86999893188477
2023-03-20,218.93999862670898
2023-03-21,198.37000274658203
2023-03-22,196.36000061035156
2023-03-23,200.64999771118164
2023-03-24,208.18000030517578
2023-03-27,193.66000366210938
2023-03-28,189.20000076293945
2023-03-29,181.44000244140625
2023-03-30,181.31000137329102
2023-03-31,179.20000076293945
2023-04-03,178.3010025024414
2023-04-04,178.71999740600586
2023-04-05,179.09999465942383
2023-04-06,176.25
2023-04-10,173.78000259399414
2023-04-11,170.2050018310547
2023-04-12,169.52999877929688
2023-04-13,166.75
2023-04-14,164.67000198364258
2023-04-17,159.77999877929688
2023-04-18,157.31000137329102
2023-04-19,156.8900032043457
2023-04-20,159.1599998474121
2023-04-21,158.3300018310547
2023-04-24,157.04999923706055
2023-04-25,163.72999954223633
2023-04-26,164.9800033569336
2023-04-27,158.11999893188477
2023-04-28,154.11000442504883
2023-05-01,148.76499938964844
2023-05-02,156.1400032043457
2023-05-03,157.6099967956543
2023-05-04,166.79000091552734
2023-05-05,158.0800018310547
2023-05-08,153.8000030517578
2023-05-09,155.43999862670898
2023-05-10,152.43000030517578
2023-05-11,152.31000137329102
2023-05-12,149.81000137329102
2023-05-15,147.77999877929688
2023-05-16,148.5800018310547
2023-05-17,146.32000350952148
2023-05-18,142.38000106811523
2023-05-19,141.4000015258789
2023-05-22,143.52999877929688
2023-05-23,145.2599983215332
2023-05-24,151.09399795532227
2023-05-25,148.43000030517578
2023-05-26,142.89500045776367
2023-05-30,139.05999755859375
2023-05-31,139.0099983215332
2023-06-01,132.92100143432617
2023-06-02,125.61000061035156
2023-06-05,123.70000076293945
2023-06-06,118.46000099182129
2023-06-07,115.97999954223633
2023-06-08,114.2299976348877
2023-06-09,113.20199966430664
2023-06-12,114.15999794006348
2023-06-13,113.03000068664551
2023-06-14,111.78999900817871
2023-06-15,111.22999954223633
2023-06-16,111.38999938964844
2023-06-20,110.20499992370605
2023-06-21,107.79000091552734
2023-06-22,106.31999778747559
2023-06-23,106.47000122070312
2023-06-26,105.35000038146973
2023-06-27,103.41500091552734
2023-06-28,100.79999923706055
2023-06-29,100.72500228881836
2023-06-30,99.84000015258789
2023-07-03,99.45999908447266
2023-07-05,100.42499923706055
2023-07-06,107.93000030517578
2023-07-07,104.98000144958496
2023-07-10,103.47500038146973
2023-07-11,101.6409969329834
2023-07-12,97.3799991607666
2023-07-13,95.53499794006348
2023-07-14,96.44000053405762
2023-07-17,95.33200073242188
2023-07-18,94.5989990234375
2023-07-19,94.57999992370605
2023-07-20,96.23500061035156
2023-07-21,94.5200023651123
2023-07-24,93.7509994506836
2023-07-25,92.78800201416016
2023-07-26,92.42000007629395
2023-07-27,92.55999946594238
2023-07-28,91.97699928283691
2023-07-31,91.06500053405762
2023-08-01,92.52000045776367
2023-08-02,99.35999870300293
2023-08-03,101.72999954223633
2023-08-04,99.51499938964844
2023-08-07,99.64200019836426
2023-08-08,102.52399826049805
2023-08-09,99.30000114440918
2023-08-10,97.6200008392334
2023-08-11,98.27000045776367
2023-08-14,95.59000015258789
2023-08-15,97.43000221252441
2023-08-16,99.23999977111816
2023-08-17,102.35999870300293
2023-08-18,105.74099731445312
2023-08-21,101.31000137329102
2023-08-22,99.78000068664551
2023-08-23,98.31500053405762
2023-08-24,98.51199722290039
2023-08-25,98.75
2023-08-28,94.03999900817871
2023-08-29,91.54999923706055
2023-08-30,88.89000129699707
2023-08-31,86.75799942016602
2023-09-01,84.79500007629395
2023-09-05,85.31499862670898
2023-09-06,86.73999977111816
2023-09-07,88.44999885559082
2023-09-08,85.52999877929688
2023-09-11,83.59000015258789
2023-09-12,83.57999992370605
2023-09-13,82.47800064086914
2023-09-14,80.33299827575684
2023-09-15,81.23700141906738
2023-09-18,82.75
2023-09-19,82.26000213623047
2023-09-20,82.43499946594238
2023-09-21,89.54999923706055
2023-09-22,90.6299991607666
2023-09-25,92.97000122070312
2023-09-26,96.76500129699707
2023-09-27,97.67999839782715
2023-09-28,93.80600166320801
2023-09-29,90.56000137329102
2023-10-02,93.44000053405762
2023-10-03,99.16499900817871
2023-10-04,99.10500144958496
2023-10-05,97.48000144958496
2023-10-06,96.78499794006348
2023-10-09,95.79000091552734
2023-10-10,90.94000053405762
2023-10-11,89.68000030517578
2023-10-12,89.43000030517578
2023-10-13,96.17999839782715
2023-10-16,94.58000183105469
2023-10-17,93.8799991607666
2023-10-18,98.43000030517578
2023-10-19,101.6669979095459
2023-10-20,105.40999984741211
2023-10-23,104.53499984741211
2023-10-24,99.16499900817871
2023-10-25,101.56999969482422
2023-10-26,104.80999946594238
2023-10-27,105.36999893188477
2023-10-30,102.21900177001953
2023-10-31,97.0
2023-11-01,91.36000061035156
2023-11-02,87.63000106811523
2023-11-03,85.01500129699707
2023-11-06,82.93600082397461
2023-11-07,81.70999908447266
2023-11-08,80.67000007629395
2023-11-09,81.25500106811523
2023-11-10,80.51500129699707
2023-11-13,79.46999931335449
2023-11-14,77.13299942016602
2023-11-15,76.86300086975098
2023-11-16,76.03000068664551
2023-11-17,74.75
2023-11-20,73.58500099182129
2023-11-21,73.04999923706055
2023-11-22,72.18000030517578
2023-11-24,70.90999984741211
2023-11-27,70.14000129699707
2023-11-28,69.57900047302246
2023-11-29,69.45999908447266
2023-11-30,69.69000053405762
2023-12-01,68.72000122070312
2023-12-04,69.8700008392334
2023-12-05,69.02999877929688
2023-12-06,68.44999885559082
2023-12-07,68.875
2023-12-08,67.69000053405762
2023-12-11,66.13500022888184
2023-12-12,64.07499885559082
2023-12-13,63.17299938201904
2023-12-14,62.750000953674316
2023-12-15,63.65999984741211
2023-12-18,64.61000061035156
2023-12-19,65.3799991607666
2023-12-20,67.64999961853027
2023-12-21,68.69799995422363
2023-12-22,67.52000045776367
2023-12-26,65.6299991607666
2023-12-27,63.13999938964844
2023-12-28,62.04999923706055
2023-12-29,62.28999996185303
2024-01-02,63.109999656677246
2024-01-03,63.84500026702881
2024-01-04,64.14000129699707
2024-01-05,62.829999923706055
2024-01-08,61.339999198913574
2024-01-09,60.329999923706055
2024-01-10,58.820000648498535
2024-01-11,58.64000129699707
2024-01-12,58.82299995422363
2024-01-16,61.239999771118164
2024-01-17,63.60999870300293
2024-01-18,62.14999961853027
2024-01-19,60.14200019836426
2024-01-22,58.68000030517578
2024-01-23,56.8100004196167
2024-01-24,56.81099987030029
2024-01-25,58.03999996185303
2024-01-26,58.16999912261963
2024-01-29,58.42399978637695
2024-01-30,57.869998931884766
2024-01-31,59.20000076293945
2024-02-01,59.94999980926514
2024-02-02,59.7549991607666
2024-02-05,58.78999900817871
2024-02-06,56.789000511169434
2024-02-07,55.9399995803833
2024-02-08,55.920000076293945
2024-02-09,55.69999980926514
2024-02-12,56.605000495910645
2024-02-13,61.089999198913574
2024-02-14,58.84000015258789
2024-02-15,57.84000015258789
2024-02-16,57.65499973297119
2024-02-20,59.27999973297119
2024-02-21,59.47599983215332
2024-02-22,57.11999988555908
2024-02-23,56.37899971008301
2024-02-26,55.17500019073486
2024-02-27,54.34399890899658
2024-02-28,54.81999969482422
2024-02-29,54.420000076293945
2024-03-01,54.060001373291016
2024-03-04,54.249999046325684
2024-03-05,56.05500030517578
2024-03-06,56.000000953674316
2024-03-07,56.13999938964844
2024-03-08,57.16999912261963
2024-03-11,57.995999336242676
2024-03-12,55.364999771118164
2024-03-13,54.29999923706055
2024-03-14,55.22000026702881
2024-03-15,56.996999740600586
2024-03-18,55.555999755859375
2024-03-19,54.78000068664551
2024-03-20,53.364999771118164
2024-03-21,52.27999973297119
2024-03-22,52.38000011444092
2024-03-25,52.295000076293945
2024-03-26,51.75
2024-03-27,51.44000053405762
2024-03-28,51.510000228881836
2024-04-01,52.385000228881836
2024-04-02,54.4399995803833
2024-04-03,53.96999931335449
2024-04-04,54.59499931335449
2024-04-05,56.65000057220459
2024-04-08,55.40999984741211
2024-04-09,54.980000495910645
2024-04-10,55.97999954223633
2024-04-11,55.459999084472656
2024-04-12,58.67499923706055
2024-04-15,59.820000648498535
2024-04-16,61.02999973297119
2024-04-17,60.22500038146973
2024-04-18,59.53000068664551
2024-04-19,61.01499938964844
2024-04-22,58.11300086975098
2024-04-23,55.35000038146973
2024-04-24,54.72000026702881
2024-04-25,56.56500053405762
2024-04-26,53.88999938964844
2024-04-29,53.089999198913574
2024-04-30,53.59000015258789
2024-05-01,54.3799991607666
2024-05-02,53.59000015258789
2024-05-03,51.3100004196167
2024-05-06,50.019999504089355
2024-05-07,49.6850004196167
2024-05-08,49.385000228881836
2024-05-09,49.1299991607666
2024-05-10,48.58000087738037
2024-05-13,48.5
2024-05-14,48.38999938964844
2024-05-15,46.65000057220459
2024-05-16,46.14500045776367
2024-05-17,45.75
2024-05-20,45.46000003814697
2024-05-21,45.16399955749512
2024-05-22,45.329999923706055
2024-05-23,45.65999984741211
2024-05-24,45.50999927520752
2024-05-28,45.57999897003174
2024-05-29,47.69999980926514
2024-05-30,47.61999988555908
2024-05-31,46.96000003814697
2024-06-03,46.1299991607666
2024-06-04,46.47500038146973
2024-06-05,45.5600004196167
2024-06-06,45.05999946594238
2024-06-07,44.66499900817871
2024-06-10,44.8100004196167
2024-06-11,44.82999897003174
2024-06-12,43.55500030517578
2024-06-13,43.709999084472656
2024-06-14,44.859999656677246
2024-06-17,44.83099937438965
2024-06-18,44.41499996185303
2024-06-20,45.33500003814697
2024-06-21,45.769999504089355
2024-06-24,45.019999504089355
2024-06-25,44.40999984741211
2024-06-26,43.80000114440918
2024-06-27,43.36999988555908
2024-06-28,43.38000011444092
2024-07-01,42.64999961853027
2024-07-02,41.820000648498535
2024-07-03,41.54100036621094
2024-07-05,41.74499988555908
2024-07-08,41.17000102996826
2024-07-09,41.14500045776367
2024-07-10,41.05000019073486
2024-07-11,41.10900020599365
2024-07-12,40.510000228881836
2024-07-15,40.77000045776367
2024-07-16,41.34999942779541
2024-07-17,42.81500053405762
2024-07-18,43.22200012207031
2024-07-19,45.52999973297119
2024-07-22,44.43000030517578
2024-07-23,43.390000343322754
2024-07-24,47.057498931884766
2024-07-25,48.95200061798096
2024-07-26,47.5024995803833
2024-07-29,46.302499771118164
2024-07-30,46.97999954223633
2024-07-31,45.88175010681152
2024-08-01,48.64500045776367
2024-08-02,58.85249900817871
2024-08-05,85.1825008392334
2024-08-06,72.59250068664551
2024-08-07,65.64125156402588
2024-08-08,65.38999938964844
2024-08-09,59.267499923706055
2024-08-12,54.218749046325684
2024-08-13,51.89750003814697
2024-08-14,48.39500045776367
2024-08-15,45.59625053405762
2024-08-16,45.69999980926514
2024-08-19,44.80000019073486
2024-08-20,45.46724987030029
2024-08-21,46.739999771118164
2024-08-22,47.641249656677246
2024-08-23,46.839999198913574
2024-08-26,46.045000076293945
2024-08-27,45.8462495803833
2024-08-28,46.445000648498535
2024-08-29,45.91075038909912
2024-08-30,44.97500038146973
2024-09-03,49.97000026702881
2024-09-04,54.36250019073486
2024-09-05,53.067501068115234
2024-09-06,54.1825008392334
2024-09-09,53.73124980926514
2024-09-10,52.445000648498535
2024-09-11,51.2737512588501
2024-09-12,49.672499656677246
2024-09-13,48.767499923706055
2024-09-16,49.43000030517578
2024-09-17,49.80500030517578
2024-09-18,49.61775016784668
2024-09-19,47.94250011444092
2024-09-20,47.667500495910645
2024-09-23,47.39250087738037
2024-09-24,47.928250312805176
2024-09-25,48.117499351501465
2024-09-26,48.39500045776367
2024-09-27,49.5595006942749
2024-09-30,50.57499885559082
2024-10-01,51.6225004196167
2024-10-02,53.437499046325684
2024-10-03,54.35000038146973
2024-10-04,53.590749740600586
2024-10-07,55.92500019073486
2024-10-08,55.52624988555908
2024-10-09,54.50749969482422
2024-10-10,54.65625
2024-10-11,54.352500915527344
2024-10-14,52.64250087738037
2024-10-15,52.50374984741211
2024-10-16,53.657501220703125
2024-10-17,52.77500057220459
2024-10-18,51.707499504089355
2024-10-21,51.687499046325684
2024-10-22,51.64250087738037
2024-10-23,53.042500495910645
2024-10-24,53.263750076293945
2024-10-25,53.64750003814697
2024-10-28,52.78999996185303
2024-10-29,52.56999969482422
2024-10-30,53.187499046325684
2024-10-31,56.54499912261963
2024-11-01,56.29249954223633
2024-11-04,55.42500019073486
2024-11-05,52.584999084472656
2024-11-06,46.8075008392334
2024-11-07,45.352500915527344
2024-11-08,44.99499988555908
2024-11-11,44.422499656677246
2024-11-12,44.88249969482422
2024-11-13,43.97624969482422
2024-11-14,43.34249973297119
2024-11-15,45.83250045776367
2024-11-18,45.4975004196167
2024-11-19,46.68249988555908
2024-11-20,47.65750026702881
2024-11-21,47.48250102996826
2024-11-22,46.58250045776367
2024-11-25,44.598999977111816
2024-11-26,43.73500061035156
2024-11-27,43.81999969482422
2024-11-29,42.771249771118164
2024-12-02,42.44999980926514
2024-12-03,42.40499973297119
2024-12-04,41.92500019073486
2024-12-05,42.447500228881836
2024-12-06,41.77250003814697
2024-12-09,42.304999351501465
2024-12-10,42.447500228881836
2024-12-11,41.85750102996826
2024-12-12,42.36725044250488
2024-12-13,42.3125
2024-12-16,42.81999969482422
2024-12-17,43.945000648498535
2024-12-18,47.7475004196167
2024-12-19,52.867499351501465
2024-12-20,51.87625026702881
2024-12-23,46.125
2024-12-24,43.11999988555908
2024-12-26,42.857749938964844
2024-12-27,44.39200019836426
2024-12-30,46.269999504089355
